Date,portfolio_value,daily_return,reward,cash,shares,price
2024-01-03,100000.0,0.0,0.0,100000.0,0.0,468.7900085449219
2024-01-04,100000.0,0.0,0.0,100000.0,0.0,467.2799987792969
2024-01-05,100000.0,0.0,0.0,100000.0,0.0,467.9200134277344
2024-01-08,100000.0,0.0,0.0,100000.0,0.0,474.6000061035156
2024-01-09,100000.0,0.0,0.0,100000.0,0.0,473.8800048828125
2024-01-10,100000.0,0.0,0.0,100000.0,0.0,476.55999755859375
2024-01-11,100000.0,0.0,0.0,100000.0,0.0,476.3500061035156
2024-01-12,100000.0,0.0,0.0,100000.0,0.0,476.67999267578125
2024-01-16,100000.0,0.0,0.0,100000.0,0.0,474.92999267578125
2024-01-17,100000.0,0.0,0.0,100000.0,0.0,472.2900085449219
2024-01-18,100000.0,0.0,0.0,100000.0,0.0,476.489990234375
2024-01-19,100000.0,0.0,0.0,100000.0,0.0,482.42999267578125
2024-01-22,100000.0,0.0,0.0,100000.0,0.0,483.45001220703125
2024-01-23,100000.0,0.0,0.0,100000.0,0.0,484.8599853515625
2024-01-24,100000.0,0.0,0.0,100000.0,0.0,485.3900146484375
2024-01-25,100000.0,0.0,0.0,100000.0,0.0,488.0299987792969
2024-01-26,100000.0,0.0,0.0,100000.0,0.0,487.4100036621094
2024-01-29,100000.0,0.0,0.0,100000.0,0.0,491.2699890136719
2024-01-30,100000.0,0.0,0.0,100000.0,0.0,490.8900146484375
2024-01-31,100000.0,0.0,0.0,100000.0,0.0,482.8800048828125
2024-02-01,100000.0,0.0,0.0,100000.0,0.0,489.20001220703125
2024-02-02,100000.0,0.0,0.0,100000.0,0.0,494.3500061035156
2024-02-05,100000.0,0.0,0.0,100000.0,0.0,492.54998779296875
2024-02-06,100000.0,0.0,0.0,100000.0,0.0,493.9800109863281
2024-02-07,100000.0,0.0,0.0,100000.0,0.0,498.1000061035156
2024-02-08,100000.0,0.0,0.0,100000.0,0.0,498.32000732421875
2024-02-09,100000.0,0.0,0.0,100000.0,0.0,501.20001220703125
2024-02-12,100000.0,0.0,0.0,100000.0,0.0,500.9800109863281
2024-02-13,100000.0,0.0,0.0,100000.0,0.0,494.0799865722656
2024-02-14,100000.0,0.0,0.0,100000.0,0.0,498.57000732421875
2024-02-15,100000.0,0.0,0.0,100000.0,0.0,502.010009765625
2024-02-16,100000.0,0.0,0.0,100000.0,0.0,499.510009765625
2024-02-20,100000.0,0.0,0.0,100000.0,0.0,496.760009765625
2024-02-21,100000.0,0.0,0.0,100000.0,0.0,497.2099914550781
2024-02-22,100000.0,0.0,0.0,100000.0,0.0,507.5
2024-02-23,100000.0,0.0,0.0,100000.0,0.0,507.8500061035156
2024-02-26,100000.0,0.0,0.0,100000.0,0.0,505.989990234375
2024-02-27,100000.0,0.0,0.0,100000.0,0.0,506.92999267578125
2024-02-28,100000.0,0.0,0.0,100000.0,0.0,506.260009765625
2024-02-29,100000.0,0.0,0.0,100000.0,0.0,508.0799865722656
2024-03-01,100000.0,0.0,0.0,100000.0,0.0,512.8499755859375
2024-03-04,100000.0,0.0,0.0,100000.0,0.0,512.2999877929688
2024-03-05,100000.0,0.0,0.0,100000.0,0.0,507.17999267578125
2024-03-06,100000.0,0.0,0.0,100000.0,0.0,509.75
2024-03-07,100000.0,0.0,0.0,100000.0,0.0,514.8099975585938
2024-03-08,100000.0,0.0,0.0,100000.0,0.0,511.7200012207031
2024-03-11,100000.0,0.0,0.0,100000.0,0.0,511.2799987792969
2024-03-12,100000.0,0.0,0.0,100000.0,0.0,516.780029296875
2024-03-13,100000.0,0.0,0.0,100000.0,0.0,515.969970703125
2024-03-14,100000.0,0.0,0.0,100000.0,0.0,514.9500122070312
2024-03-15,100000.0,0.0,0.0,100000.0,0.0,509.8299865722656
2024-03-18,100000.0,0.0,0.0,100000.0,0.0,512.8599853515625
2024-03-19,100000.0,0.0,0.0,100000.0,0.0,515.7100219726562
2024-03-20,100000.0,0.0,0.0,100000.0,0.0,520.47998046875
2024-03-21,100000.0,0.0,0.0,100000.0,0.0,522.2000122070312
2024-03-22,100000.0,0.0,0.0,100000.0,0.0,521.2100219726562
2024-03-25,100000.0,0.0,0.0,100000.0,0.0,519.77001953125
2024-03-26,100000.0,0.0,0.0,100000.0,0.0,518.8099975585938
2024-03-27,100000.0,0.0,0.0,100000.0,0.0,523.1699829101562
2024-03-28,100000.0,0.0,0.0,100000.0,0.0,523.0700073242188
2024-04-01,100000.0,0.0,0.0,100000.0,0.0,522.1599731445312
2024-04-02,100000.0,0.0,0.0,100000.0,0.0,518.8400268554688
2024-04-03,100000.0,0.0,0.0,100000.0,0.0,519.4099731445312
2024-04-04,100000.0,0.0,0.0,100000.0,0.0,513.0700073242188
2024-04-05,100000.0,0.0,0.0,100000.0,0.0,518.4299926757812
2024-04-08,100000.0,0.0,0.0,100000.0,0.0,518.719970703125
2024-04-09,100000.0,0.0,0.0,100000.0,0.0,519.3200073242188
2024-04-10,100000.0,0.0,0.0,100000.0,0.0,514.1199951171875
2024-04-11,100000.0,0.0,0.0,100000.0,0.0,518.0
2024-04-12,100000.0,0.0,0.0,100000.0,0.0,510.8500061035156
2024-04-15,100000.0,0.0,0.0,100000.0,0.0,504.45001220703125
2024-04-16,99717.80287599053,-0.0028219712400947175,-0.0038219712400947175,0.0,198.0374617554773,503.5299987792969
2024-04-17,99127.64906425467,-0.005918239218224408,-0.005918239218224408,0.0,198.0374617554773,500.54998779296875
2024-04-18,98923.67072039148,-0.002057734101319872,-0.002057734101319872,0.0,198.0374617554773,499.5199890136719
2024-04-19,98060.23028807699,-0.008728350111016605,-0.008728350111016605,0.0,198.0374617554773,495.1600036621094
2024-04-22,98963.28063019206,0.009209139520294188,0.009209139520294188,0.0,198.0374617554773,499.7200012207031
2024-04-23,100137.64132793235,0.011866630635747168,0.011866630635747168,0.0,198.0374617554773,505.6499938964844
2024-04-24,100090.11427107062,-0.0004746172990642417,-0.0004746172990642417,0.0,198.0374617554773,505.4100036621094
2024-04-25,99709.87968530567,-0.003798922486342383,-0.003798922486342383,0.0,198.0374617554773,503.489990234375
2024-04-26,100654.52224579848,0.009473911346339944,0.009473911346339944,0.0,198.0374617554773,508.260009765625
2024-04-29,101010.98725950885,0.0035414704253415104,0.0035414704253415104,0.0,198.0374617554773,510.05999755859375
2024-04-30,99410.84722771903,-0.01584124732568823,-0.01584124732568823,0.0,198.0374617554773,501.9800109863281
2024-05-01,99088.0451980778,-0.003247150976409955,-0.003247150976409955,0.0,198.0374617554773,500.3500061035156
2024-05-02,100014.85906862374,0.009353437830903153,0.009353437830903153,0.0,198.0374617554773,505.0299987792969
2024-05-03,101254.57551317262,0.012395322615995097,0.012395322615995097,0.0,198.0374617554773,511.2900085449219
2024-05-06,102300.2130694966,0.010326817835387143,0.010326817835387143,0.0,198.0374617554773,516.5700073242188
2024-05-07,102413.09587316691,0.0011034464179817448,0.0011034464179817448,0.0,198.0374617554773,517.1400146484375
2024-05-08,102422.9953288052,9.666200942266922e-05,9.666200942266922e-05,0.0,198.0374617554773,517.1900024414062
2024-05-09,103013.14309691735,0.00576186789126421,0.00576186789126421,0.0,198.0374617554773,520.1699829101562
2024-05-10,103145.83689911166,0.0012881249732324387,0.0012881249732324387,0.0,198.0374617554773,520.8400268554688
2024-05-13,103159.68888465682,0.0001342951490975672,0.0001342951490975672,0.0,198.0374617554773,520.9099731445312
2024-05-14,103633.00131919178,0.004588152985457105,0.004588152985457105,0.0,198.0374617554773,523.2999877929688
2024-05-15,104916.29229069552,0.012383033929039418,0.012383033929039418,0.0,198.0374617554773,529.780029296875
2024-05-16,104700.42613899319,-0.0020575083906341244,-0.0020575083906341244,0.0,198.0374617554773,528.6900024414062
2024-05-17,104850.93654388694,0.0014375338328990435,0.0014375338328990435,0.0,198.0374617554773,529.4500122070312
2024-05-20,104971.7364946184,0.001152111318346593,0.001152111318346593,0.0,198.0374617554773,530.0599975585938
2024-05-21,105229.18277745103,0.0024525295229905477,0.0024525295229905477,0.0,198.0374617554773,531.3599853515625
2024-05-22,104926.19174633382,-0.0028793441431357353,-0.0028793441431357353,0.0,198.0374617554773,529.8300170898438
2024-05-23,104159.78773631991,-0.00730422020715994,-0.00730422020715994,0.0,198.0374617554773,525.9600219726562
2024-05-24,104848.9542353098,0.006616435324681227,0.006616435324681227,0.0,198.0374617554773,529.4400024414062
2024-05-28,104922.22712917953,0.0006988423909817509,0.0006988423909817509,0.0,198.0374617554773,529.8099975585938
2024-05-29,104187.50379465763,-0.007002551838871213,-0.007002551838871213,0.0,198.0374617554773,526.0999755859375
2024-05-30,103496.35498709061,-0.006633701570672049,-0.006633701570672049,0.0,198.0374617554773,522.6099853515625
2024-05-31,104439.01523900627,0.009108149287317792,0.009108149287317792,0.0,198.0374617554773,527.3699951171875
2024-06-03,104524.16989709143,0.0008153529396105738,0.0008153529396105738,0.0,198.0374617554773,527.7999877929688
2024-06-04,104641.01731791603,0.001117898577330446,0.001117898577330446,0.0,198.0374617554773,528.3900146484375
2024-06-05,105884.68629237177,0.011885100186643571,0.011885100186643571,0.0,198.0374617554773,534.6699829101562
2024-06-06,105882.70398379462,-1.8721390661496773e-05,-1.8721390661496773e-05,0.0,198.0374617554773,534.6599731445312
2024-06-07,105753.98688600202,-0.001215657448758581,-0.001215657448758581,0.0,198.0374617554773,534.010009765625
2024-06-10,106080.7414455501,0.003089761144421945,0.003089761144421945,0.0,198.0374617554773,535.6599731445312
2024-06-11,106336.21750705302,0.0024083170801936305,0.0024083170801936305,0.0,198.0374617554773,536.9500122070312
2024-06-12,107209.5573950058,0.00821300501773871,0.00821300501773871,0.0,198.0374617554773,541.3599853515625
2024-06-13,107425.42354670815,0.0020134972753128697,0.0020134972753128697,0.0,198.0374617554773,542.4500122070312
2024-06-14,107490.77929351672,0.0006083824913211708,0.0006083824913211708,0.0,198.0374617554773,542.780029296875
2024-06-17,108346.29049152265,0.007958926371441145,0.007958926371441145,0.0,198.0374617554773,547.0999755859375
2024-06-18,108621.56546430216,0.002540695869980339,0.002540695869980339,0.0,198.0374617554773,548.489990234375
2024-06-20,108326.49158024607,-0.0027165313148893536,-0.0027165313148893536,0.0,198.0374617554773,547.0
2024-06-21,107833.38023443453,-0.004552084523537406,-0.004552084523537406,0.0,198.0374617554773,544.510009765625
2024-06-24,107482.85005920815,-0.003250664817001087,-0.003250664817001087,0.0,198.0374617554773,542.739990234375
2024-06-25,107896.75367266597,0.003850880519355567,0.003850880519355567,0.0,198.0374617554773,544.8300170898438
2024-06-26,108031.41769619001,0.0012480822540089911,0.0012480822540089911,0.0,198.0374617554773,545.510009765625
2024-06-27,108201.72701236034,0.0015764795075565827,0.0015764795075565827,0.0,198.0374617554773,546.3699951171875
2024-06-28,107775.94163468709,-0.003935107039692745,-0.003935107039692745,0.0,198.0374617554773,544.219970703125
2024-07-01,107997.75471212085,0.0020580945438232485,0.0020580945438232485,0.0,198.0374617554773,545.3400268554688
2024-07-02,108724.54881233418,0.006729714910746754,0.006729714910746754,0.0,198.0374617554773,549.010009765625
2024-07-03,109209.74301108457,0.004462600250361798,0.004462600250361798,0.0,198.0374617554773,551.4600219726562
2024-07-05,109839.5006889973,0.005766497205737472,0.005766497205737472,0.0,198.0374617554773,554.6400146484375
2024-07-08,109966.2475654602,0.0011539280101224773,0.0011539280101224773,0.0,198.0374617554773,555.280029296875
2024-07-09,110073.18344339909,0.0009724427295314367,0.0009724427295314367,0.0,198.0374617554773,555.8200073242188
2024-07-10,111162.38948305421,0.00989528971164177,0.00989528971164177,0.0,198.0374617554773,561.3200073242188
2024-07-11,110203.88284976884,-0.008622580332635719,-0.008622580332635719,0.0,198.0374617554773,556.47998046875
2024-07-12,110898.99627449014,0.006307522083127427,0.006307522083127427,0.0,198.0374617554773,559.989990234375
2024-07-15,111203.98170143193,0.0027501189116888322,0.0027501189116888322,0.0,198.0374617554773,561.530029296875
2024-07-16,111863.43774625953,0.005930147776526161,0.005930147776526161,0.0,198.0374617554773,564.8599853515625
2024-07-17,110294.98443358543,-0.01402114349669668,-0.01402114349669668,0.0,198.0374617554773,556.9400024414062
2024-07-18,109447.37829539321,-0.007684901925006468,-0.007684901925006468,0.0,198.0374617554773,552.6599731445312
2024-07-19,108720.5841951799,-0.006640580263619777,-0.006640580263619777,0.0,198.0374617554773,548.989990234375
2024-07-22,109841.48299757445,0.01030990415193383,0.01030990415193383,0.0,198.0374617554773,554.6500244140625
2024-07-23,109669.19137282697,-0.001568547875043559,-0.001568547875043559,0.0,198.0374617554773,553.780029296875
2024-07-24,107183.8115579978,-0.022662516096977232,-0.022662516096977232,0.0,198.0374617554773,541.22998046875
2024-07-25,106625.34446537767,-0.005210367913795883,-0.005210367913795883,0.0,198.0374617554773,538.4099731445312
2024-07-26,107819.51616164195,0.01119969836676159,0.01119969836676159,0.0,198.0374617554773,544.4400024414062
2024-07-29,107882.8895998734,0.0005877733502015948,0.0005877733502015948,0.0,198.0374617554773,544.760009765625
2024-07-30,107336.30427146869,-0.005066469116946473,-0.005066469116946473,0.0,198.0374617554773,542.0
2024-07-31,109081.01382604455,0.01625460804168594,0.01625460804168594,0.0,198.0374617554773,550.8099975585938
2024-08-01,107536.32404180132,-0.014160940846283387,-0.014160940846283387,0.0,198.0374617554773,543.010009765625
2024-08-02,105534.16820439282,-0.01861841433811914,-0.01861841433811914,0.0,198.0374617554773,532.9000244140625
2024-08-05,102460.62293002864,-0.029123698292779502,-0.029123698292779502,0.0,198.0374617554773,517.3800048828125
2024-08-06,103405.26549052144,0.00921956682947276,0.00921956682947276,0.0,198.0374617554773,522.1500244140625
2024-08-07,102714.10459570699,-0.006684000969736027,-0.006684000969736027,0.0,198.0374617554773,518.6599731445312
2024-08-08,105088.583915443,0.023117363765007747,0.023117363765007747,0.0,198.0374617554773,530.6500244140625
2024-08-09,105551.98480709226,0.004409621620005125,0.004409621620005125,0.0,198.0374617554773,532.989990234375
2024-08-12,105607.44109826256,0.0005253931631096131,0.0005253931631096131,0.0,198.0374617554773,533.27001953125
2024-08-13,107344.22141852984,0.01644562449582782,0.01644562449582782,0.0,198.0374617554773,542.0399780273438
2024-08-14,107682.86982954078,0.0031547893918813896,0.0031547893918813896,0.0,198.0374617554773,543.75
2024-08-15,109528.58042357152,0.01714024335488504,0.01714024335488504,0.0,198.0374617554773,553.0700073242188
2024-08-16,109774.14494218872,0.0022420131591914297,0.0022420131591914297,0.0,198.0374617554773,554.3099975585938
2024-08-19,110823.74107204327,0.009561414761256415,0.009561414761256415,0.0,198.0374617554773,559.6099853515625
2024-08-20,110643.53230023466,-0.001626084538072604,-0.001626084538072604,0.0,198.0374617554773,558.7000122070312
2024-08-21,111023.7608423759,0.00343651846824156,0.00343651846824156,0.0,198.0374617554773,560.6199951171875
2024-08-22,110152.39117575283,-0.00784849711459676,-0.00784849711459676,0.0,198.0374617554773,556.219970703125
2024-08-23,111322.79934358624,0.010625354160183256,0.010625354160183256,0.0,198.0374617554773,562.1300048828125
2024-08-26,111057.42382644504,-0.002383837980233959,-0.002383837980233959,0.0,198.0374617554773,560.7899780273438
2024-08-27,111209.91653991594,0.0013730978823100343,0.0013730978823100343,0.0,198.0374617554773,561.5599975585938
2024-08-28,110564.3124806335,-0.0058052742000819675,-0.0058052742000819675,0.0,198.0374617554773,558.2999877929688
2024-08-29,110574.21193627178,8.953572284019066e-05,8.953572284019066e-05,0.0,198.0374617554773,558.3499755859375
2024-08-30,111629.75499185776,0.009546014727143875,0.009546014727143875,0.0,198.0374617554773,563.6799926757812
2024-09-03,109332.52527039318,-0.02057900889984162,-0.02057900889984162,0.0,198.0374617554773,552.0800170898438
2024-09-04,109108.7419716297,-0.0020468135919300425,-0.0020468135919300425,0.0,198.0374617554773,550.9500122070312
2024-09-05,108843.3664544885,-0.0024322113182297296,-0.0024322113182297296,0.0,198.0374617554773,549.6099853515625
2024-09-06,107011.51993325033,-0.016830116348929124,-0.016830116348929124,0.0,198.0374617554773,540.3599853515625
2024-09-09,108209.64415942148,0.011196217256969189,0.011196217256969189,0.0,198.0374617554773,546.4099731445312
2024-09-10,108680.97428537931,0.004355712742788758,0.004355712742788758,0.0,198.0374617554773,548.7899780273438
2024-09-11,109795.92616204244,0.010258942597767228,0.010258942597767228,0.0,198.0374617554773,554.4199829101562
2024-09-12,110720.76981125867,0.008423296578884881,0.008423296578884881,0.0,198.0374617554773,559.0900268554688
2024-09-13,111299.03581515538,0.005222741901835242,0.005222741901835242,0.0,198.0374617554773,562.010009765625
2024-09-16,111463.41029284171,0.0014768724318449918,0.0014768724318449918,0.0,198.0374617554773,562.8400268554688
2024-09-17,111508.95504112629,0.00040860716682649745,0.00040860716682649745,0.0,198.0374617554773,563.0700073242188
2024-09-18,111178.23586442393,-0.002965853070548342,-0.002965853070548342,0.0,198.0374617554773,561.4000244140625
2024-09-19,113075.42604522326,0.017064402632839506,0.017064402632839506,0.0,198.0374617554773,570.97998046875
2024-09-20,112534.78764254997,-0.004781219240837196,-0.004781219240837196,0.0,198.0374617554773,568.25
2024-09-23,112815.99745381347,0.0024988700574681013,0.0024988700574681013,0.0,198.0374617554773,569.6699829101562
2024-09-24,113138.7994834547,0.0028613143253321226,0.0028613143253321226,0.0,198.0374617554773,571.2999877929688
2024-09-25,112889.27034768321,-0.0022055133774685274,-0.0022055133774685274,0.0,198.0374617554773,570.0399780273438
2024-09-26,113336.83694521018,0.003964651345061608,0.003964651345061608,0.0,198.0374617554773,572.2999877929688
2024-09-27,113172.46246752384,-0.0014503182029492676,-0.0014503182029492676,0.0,198.0374617554773,571.469970703125
2024-09-30,113625.97599078224,0.004007278037168633,0.004007278037168633,0.0,198.0374617554773,573.760009765625
2024-10-01,112608.06053641971,-0.008958474904058124,-0.008958474904058124,0.0,198.0374617554773,568.6199951171875
2024-10-02,112655.58759328144,0.0004220573255176154,0.0004220573255176154,0.0,198.0374617554773,568.8599853515625
2024-10-03,112449.63298446481,-0.0018281792604924207,-0.0018281792604924207,0.0,198.0374617554773,567.8200073242188
2024-10-04,113471.50096873421,0.009087339434985705,0.009087339434985705,0.0,198.0374617554773,572.97998046875
2024-10-07,112445.66836731053,-0.009040442689714111,-0.009040442689714111,0.0,198.0374617554773,567.7999877929688
2024-10-08,113509.12856995764,0.0094575470810779,0.0094575470810779,0.0,198.0374617554773,573.1699829101562
2024-10-09,114295.34357849555,0.006926447400689477,0.006926447400689477,0.0,198.0374617554773,577.1400146484375
2024-10-10,114095.32380816292,-0.001750025539712888,-0.001750025539712888,0.0,198.0374617554773,576.1300048828125
2024-10-11,114778.55546866881,0.00598825295990795,0.00598825295990795,0.0,198.0374617554773,579.5800170898438
2024-10-14,115717.25110343019,0.008178318945803517,0.008178318945803517,0.0,198.0374617554773,584.3200073242188
2024-10-15,114818.16537846939,-0.007769677523338116,-0.007769677523338116,0.0,198.0374617554773,579.780029296875
2024-10-16,115317.21156276495,0.00434640444437145,0.00434640444437145,0.0,198.0374617554773,582.2999877929688
2024-10-17,115327.11101840323,8.584543021918415e-05,8.584543021918415e-05,0.0,198.0374617554773,582.3499755859375
2024-10-18,115770.72508602333,0.0038465722734467326,0.0038465722734467326,0.0,198.0374617554773,584.5900268554688
2024-10-21,115580.604771329,-0.001642214079190237,-0.001642214079190237,0.0,198.0374617554773,583.6300048828125
2024-10-22,115519.21364167471,-0.0005311542518379561,-0.0005311542518379561,0.0,198.0374617554773,583.3200073242188
2024-10-23,114463.67058608873,-0.00913738089371118,-0.00913738089371118,0.0,198.0374617554773,577.989990234375
2024-10-24,114711.21741328308,0.0021626672107126987,0.0021626672107126987,0.0,198.0374617554773,579.239990234375
2024-10-25,114671.6075034825,-0.00034530110213958125,-0.00034530110213958125,0.0,198.0374617554773,579.0399780273438
2024-10-28,115026.10229586315,0.0030913911481521778,0.0030913911481521778,0.0,198.0374617554773,580.8300170898438
2024-10-29,115212.2579934032,0.0016183778622805717,0.0016183778622805717,0.0,198.0374617554773,581.77001953125
2024-10-30,114863.71012675397,-0.003025267213052836,-0.003025267213052836,0.0,198.0374617554773,580.010009765625
2024-10-31,112612.025153574,-0.019603101542647394,-0.019603101542647394,0.0,198.0374617554773,568.6400146484375
2024-11-01,113087.30780943869,0.004220532001058751,0.004220532001058751,0.0,198.0374617554773,571.0399780273438
2024-11-04,112843.72559939862,-0.0021539305759274508,-0.0021539305759274508,0.0,198.0374617554773,569.8099975585938
2024-11-05,114208.20661183324,0.012091775640930254,0.012091775640930254,0.0,198.0374617554773,576.7000122070312
2024-11-06,117048.05704454823,0.02486555491031365,0.02486555491031365,0.0,198.0374617554773,591.0399780273438
2024-11-07,117953.08969524044,0.00773214586849366,0.00773214586849366,0.0,198.0374617554773,595.6099853515625
2024-11-08,118464.02973099887,0.004331722357409691,0.004331722357409691,0.0,198.0374617554773,598.1900024414062
2024-11-11,118576.91253466917,0.0009528867448341316,0.0009528867448341316,0.0,198.0374617554773,598.760009765625
2024-11-12,118208.56575674337,-0.0031063954192441135,-0.0031063954192441135,0.0,198.0374617554773,596.9000244140625
2024-11-13,118265.99226924338,0.00048580669372289795,0.00048580669372289795,0.0,198.0374617554773,597.1900024414062
2024-11-14,117505.52309771348,-0.006430159312396584,-0.006430159312396584,0.0,198.0374617554773,593.3499755859375
2024-11-15,116000.44322327082,-0.012808588351979726,-0.012808588351979726,0.0,198.0374617554773,585.75
2024-11-18,116475.73796638293,0.004097352819568926,0.004097352819568926,0.0,198.0374617554773,588.1500244140625
2024-11-19,116901.51125680876,0.0036554676352316064,0.0036554676352316064,0.0,198.0374617554773,590.2999877929688
2024-11-20,116941.12116660934,0.000338831460557981,0.000338831460557981,0.0,198.0374617554773,590.5
2024-11-21,117568.89653594492,0.0053683029807895175,0.0053683029807895175,0.0,198.0374617554773,593.6699829101562
2024-11-22,117933.29078396386,0.003099410292649429,0.003099410292649429,0.0,198.0374617554773,595.510009765625
2024-11-25,118333.3303246291,0.0033920832532185617,0.0033920832532185617,0.0,198.0374617554773,597.530029296875
2024-11-26,118951.20623832641,0.0052214867273849466,0.0052214867273849466,0.0,198.0374617554773,600.6500244140625
2024-11-27,118590.77660746175,-0.003030062848984608,-0.003030062848984608,0.0,198.0374617554773,598.8300170898438
2024-11-29,119327.47016331337,0.006212064520751773,0.006212064520751773,0.0,198.0374617554773,602.5499877929688
2024-12-02,119541.35400643856,0.0017924107737511635,0.0017924107737511635,0.0,198.0374617554773,603.6300048828125
2024-12-03,119596.79821036143,0.00046380772899634414,0.00046380772899634414,0.0,198.0374617554773,603.9099731445312
2024-12-04,120339.43869194447,0.006209534809425126,0.006209534809425126,0.0,198.0374617554773,607.6599731445312
2024-12-05,120141.40123018899,-0.0016456571836140181,-0.0016456571836140181,0.0,198.0374617554773,606.6599731445312
2024-12-06,120369.14914610676,0.0018956655539701366,0.0018956655539701366,0.0,198.0374617554773,607.8099975585938
2024-12-09,119749.29092383232,-0.0051496436310440865,-0.0051496436310440865,0.0,198.0374617554773,604.6799926757812
2024-12-10,119376.97952875223,-0.003109090602606599,-0.003109090602606599,0.0,198.0374617554773,602.7999877929688
2024-12-11,120299.84086939131,0.007730647435394412,0.007730647435394412,0.0,198.0374617554773,607.4600219726562
2024-12-12,119679.98264711688,-0.005152610492206765,-0.005152610492206765,0.0,198.0374617554773,604.3300170898438
2024-12-13,119656.21911868601,-0.00019855892276431563,-0.00019855892276431563,0.0,198.0374617554773,604.2100219726562
2024-12-16,120167.147067197,0.004269965675617764,0.004269965675617764,0.0,198.0374617554773,606.7899780273438
2024-12-17,119672.05341280831,-0.004120041679210694,-0.004120041679210694,0.0,198.0374617554773,604.2899780273438
2024-12-18,116105.40887988,-0.029803487374159016,-0.029803487374159016,0.0,198.0374617554773,586.280029296875
2024-12-19,116069.75149998628,-0.0003071121340316481,-0.0003071121340316481,0.0,198.0374617554773,586.0999755859375
2024-12-20,117069.85035164937,0.008616360754965585,0.008616360754965585,0.0,198.0374617554773,591.1500244140625
2024-12-23,117770.89861485468,0.0059882904189211715,0.0059882904189211715,0.0,198.0374617554773,594.6900024414062
2024-12-24,119079.92333611901,0.011115010046286764,0.011115010046286764,0.0,198.0374617554773,601.2999877929688
2024-12-26,119087.85257042758,6.65874992729687e-05,6.65874992729687e-05,0.0,198.0374617554773,601.3400268554688
2024-12-27,117834.27205308613,-0.010526518786625179,-0.010526518786625179,0.0,198.0374617554773,595.010009765625
2024-12-30,116489.5899519281,-0.011411638377604035,-0.011411638377604035,0.0,198.0374617554773,588.219970703125
2024-12-31,116065.79897007941,-0.0036380159121820834,-0.0036380159121820834,0.0,198.0374617554773,586.0800170898438
2025-01-02,115780.62454166163,-0.0024570065510107677,-0.0024570065510107677,0.0,198.0374617554773,584.6400146484375
2025-01-03,117228.27790360426,0.012503416419400303,0.012503416419400303,0.0,198.0374617554773,591.9500122070312
2025-01-06,117903.58032980158,0.005760576187535687,0.005760576187535687,0.0,198.0374617554773,595.3599853515625
2025-01-07,116570.79208010639,-0.011304052395755066,-0.011304052395755066,0.0,198.0374617554773,588.6300048828125
2025-01-08,116741.10139627672,0.0014609947580462017,0.0014609947580462017,0.0,198.0374617554773,589.489990234375
2025-01-10,114958.76424047742,-0.01526743481500286,-0.01526743481500286,0.0,198.0374617554773,580.489990234375
2025-01-13,115137.00279095632,0.0015504563889191462,0.0015504563889191462,0.0,198.0374617554773,581.3900146484375
2025-01-14,115295.43034291122,0.0013759916283606905,0.0013759916283606905,0.0,198.0374617554773,582.1900024414062
2025-01-15,117392.6523812906,0.018189984044830104,0.018189984044830104,0.0,198.0374617554773,592.780029296875
2025-01-16,117166.88677394997,-0.001923166422778658,-0.001923166422778658,0.0,198.0374617554773,591.6400146484375
2025-01-17,118343.2297802674,0.010039892999691534,0.010039892999691534,0.0,198.0374617554773,597.5800170898438
2025-01-21,119426.4888941911,0.009153536843087983,0.009153536843087983,0.0,198.0374617554773,603.0499877929688
2025-01-22,120097.83879048155,0.005621448830210865,0.005621448830210865,0.0,198.0374617554773,606.4400024414062
2025-01-23,120753.34230540229,0.005458079192118586,0.005458079192118586,0.0,198.0374617554773,609.75
2025-01-24,120400.82982159877,-0.0029192772396473944,-0.0029192772396473944,0.0,198.0374617554773,607.969970703125
2025-01-27,118697.71248540064,-0.014145395332587744,-0.014145395332587744,0.0,198.0374617554773,599.3699951171875
2025-01-28,119717.61024834031,0.008592396109277272,0.008592396109277272,0.0,198.0374617554773,604.52001953125
2025-01-29,119180.9243755739,-0.004482931722852761,-0.004482931722852761,0.0,198.0374617554773,601.8099975585938
2025-01-30,119820.58150912491,0.005367110021191499,0.005367110021191499,0.0,198.0374617554773,605.0399780273438
2025-01-31,119182.90668415104,-0.005321913956203859,-0.005321913956203859,0.0,198.0374617554773,601.8200073242188
2025-02-03,118380.85738149085,-0.006729566554251922,-0.006729566554251922,0.0,198.0374617554773,597.77001953125
2025-02-04,119174.98953708989,0.006708281838506165,0.006708281838506165,0.0,198.0374617554773,601.780029296875
2025-02-05,119658.18934001573,0.004054540342757545,0.004054540342757545,0.0,198.0374617554773,604.219970703125
2025-02-06,120074.07526205068,0.003475616038725029,0.003475616038725029,0.0,198.0374617554773,606.3200073242188
2025-02-07,118974.96976675728,-0.009153562023231986,-0.009153562023231986,0.0,198.0374617554773,600.77001953125
2025-02-10,119782.95390790148,0.006791211149103073,0.006791211149103073,0.0,198.0374617554773,604.8499755859375
2025-02-11,119874.05549171807,0.0007605554951219298,0.0007605554951219298,0.0,198.0374617554773,605.3099975585938
2025-02-12,119487.8800238454,-0.0032215099947073395,-0.0032215099947073395,0.0,198.0374617554773,603.3599853515625
2025-02-13,120749.377688248,0.010557536581541611,0.010557536581541611,0.0,198.0374617554773,609.72998046875
2025-02-14,120743.44284976399,-4.91500544154763e-05,-4.91500544154763e-05,0.0,198.0374617554773,609.7000122070312
2025-02-18,121097.92555489723,0.0029358340027980444,0.0029358340027980444,0.0,198.0374617554773,611.489990234375
2025-02-19,121383.09998331501,0.0023549076262954316,0.0023549076262954316,0.0,198.0374617554773,612.9299926757812
2025-02-20,120878.10687328802,-0.0041603247082699695,-0.0041603247082699695,0.0,198.0374617554773,610.3800048828125
2025-02-21,118810.59528907095,-0.01710410294880257,-0.01710410294880257,0.0,198.0374617554773,599.9400024414062
2025-02-24,118269.95688639766,-0.004550422471648172,-0.004550422471648172,0.0,198.0374617554773,597.2100219726562
2025-02-25,117681.77933961524,-0.004973177992678088,-0.004973177992678088,0.0,198.0374617554773,594.239990234375
2025-02-26,117741.1881606924,0.0005048259926943506,0.0005048259926943506,0.0,198.0374617554773,594.5399780273438
2025-02-27,115861.8145825925,-0.01596190430433691,-0.01596190430433691,0.0,198.0374617554773,585.0499877929688
2025-02-28,117669.89757539981,0.015605512474676536,0.015605512474676536,0.0,198.0374617554773,594.1799926757812
2025-03-03,115608.33291691415,-0.017519898469909534,-0.017519898469909534,0.0,198.0374617554773,583.77001953125
2025-03-04,114239.88728732525,-0.011836911709230992,-0.011836911709230992,0.0,198.0374617554773,576.8599853515625
2025-03-05,115467.7219676587,0.01074786319812545,0.01074786319812545,0.0,198.0374617554773,583.0599975585938
2025-03-06,113418.03907338847,-0.017751133038238352,-0.017751133038238352,0.0,198.0374617554773,572.7100219726562
2025-03-07,114053.73158978521,0.005604862520902929,0.005604862520902929,0.0,198.0374617554773,575.9199829101562
2025-03-10,111015.84369531475,-0.026635585281828165,-0.026635585281828165,0.0,198.0374617554773,560.5800170898438
2025-03-11,110092.98235467567,-0.00831287958475451,-0.00831287958475451,0.0,198.0374617554773,555.9199829101562
2025-03-12,110677.1952843038,0.005306541044969003,0.005306541044969003,0.0,198.0374617554773,558.8699951171875
2025-03-13,109201.813776776,-0.013330492372325541,-0.013330492372325541,0.0,198.0374617554773,551.4199829101562
2025-03-14,111457.46336711028,0.020655788693630498,0.020655788693630498,0.0,198.0374617554773,562.8099975585938
2025-03-17,112316.95126951791,0.007711353519474233,0.007711353519474233,0.0,198.0374617554773,567.1500244140625
2025-03-18,111102.98066197705,-0.010808436249554122,-0.010808436249554122,0.0,198.0374617554773,561.02001953125
2025-03-19,112312.98665236363,0.0108908508410583,0.0108908508410583,0.0,198.0374617554773,567.1300048828125
2025-03-20,112200.67366571126,-0.0010000000000000284,-0.0020000000000000287,112200.67366571126,0.0,565.489990234375
2025-03-21,112200.67366571126,0.0,0.0,112200.67366571126,0.0,563.97998046875
2025-03-24,112200.67366571126,0.0,0.0,112200.67366571126,0.0,574.0800170898438
2025-03-25,112200.67366571126,0.0,0.0,112200.67366571126,0.0,575.4600219726562
2025-03-26,112200.67366571126,0.0,0.0,112200.67366571126,0.0,568.5900268554688
2025-03-27,112200.67366571126,0.0,0.0,112200.67366571126,0.0,567.0800170898438
2025-03-28,112200.67366571126,0.0,0.0,112200.67366571126,0.0,555.6599731445312
2025-03-31,112200.67366571126,0.0,0.0,112200.67366571126,0.0,559.3900146484375
2025-04-01,112200.67366571126,0.0,0.0,112200.67366571126,0.0,560.969970703125
2025-04-02,112200.67366571126,0.0,0.0,112200.67366571126,0.0,564.52001953125
2025-04-03,112200.67366571126,0.0,0.0,112200.67366571126,0.0,536.7000122070312
2025-04-04,105526.48073118871,-0.05948442835920509,-0.06048442835920509,0.0,208.84753203398026,505.2799987792969
2025-04-07,105338.51922706231,-0.0017811785518101857,-0.0017811785518101857,0.0,208.84753203398026,504.3800048828125
2025-04-08,103688.62499869804,-0.01566278167256026,-0.01566278167256026,0.0,208.84753203398026,496.4800109863281
2025-04-09,114577.93200471891,0.10501930183911302,0.10501930183911302,0.0,208.84753203398026,548.6199951171875
2025-04-10,109557.24192355706,-0.043818997195333186,-0.043818997195333186,0.0,208.84753203398026,524.5800170898438
2025-04-11,111512.05176410508,0.017842817199724546,0.017842817199724546,0.0,208.84753203398026,533.9400024414062
2025-04-14,112593.8804503961,0.009701450822369766,0.009701450822369766,0.0,208.84753203398026,539.1199951171875
2025-04-15,112278.51863749811,-0.0028008788011966734,-0.0028008788011966734,0.0,208.84753203398026,537.6099853515625
2025-04-16,109782.78808028369,-0.022228032463379115,-0.022228032463379115,0.0,208.84753203398026,525.6599731445312
2025-04-17,109939.42372930917,0.0014267778379880177,0.0014267778379880177,0.0,208.84753203398026,526.4099731445312
2025-04-21,107322.57078138512,-0.023802680232045063,-0.023802680232045063,0.0,208.84753203398026,513.8800048828125
2025-04-22,110114.8612649161,0.026017737584937646,0.026017737584937646,0.0,208.84753203398026,527.25
2025-04-23,111821.14203246203,0.01549546308232579,0.01549546308232579,0.0,208.84753203398026,535.4199829101562
2025-04-24,111709.32089042956,-0.0010000000000000356,-0.0020000000000000356,111709.32089042956,0.0,546.6900024414062
2025-04-25,111709.32089042956,0.0,0.0,111709.32089042956,0.0,550.6400146484375
2025-04-28,111709.32089042956,0.0,0.0,111709.32089042956,0.0,550.8499755859375
2025-04-29,112300.611063459,0.005293114024114502,0.004293114024114502,0.0,202.59166109762114,554.3200073242188
2025-04-30,112345.1752935979,0.00039682980989051963,0.00039682980989051963,0.0,202.59166109762114,554.5399780273438
2025-05-01,113141.35903788591,0.0070869420267251765,0.0070869420267251765,0.0,202.59166109762114,558.469970703125
2025-05-02,114820.85182212194,0.014844198430333933,0.014844198430333933,0.0,202.59166109762114,566.760009765625
2025-05-05,114162.42892355467,-0.005734349537724054,-0.005734349537724054,0.0,202.59166109762114,563.510009765625
2025-05-06,113208.21774830796,-0.008358364343191007,-0.008358364343191007,0.0,202.59166109762114,558.7999877929688
2025-05-07,113684.31557101558,0.004205505856174849,0.004205505856174849,0.0,202.59166109762114,561.1500244140625
2025-05-08,114476.44352521325,0.006967785751437697,0.006967785751437697,0.0,202.59166109762114,565.0599975585938
2025-05-09,114330.58346452554,-0.0012741491279434258,-0.0012741491279434258,0.0,202.59166109762114,564.3400268554688
2025-05-12,118108.91052486796,0.033047387198148565,0.033047387198148565,0.0,202.59166109762114,582.989990234375
2025-05-13,118888.89583922201,0.006603949785734637,0.006603949785734637,0.0,202.59166109762114,586.8400268554688
2025-05-14,119040.83958504524,0.0012780314322096752,0.0012780314322096752,0.0,202.59166109762114,587.5900268554688
2025-05-15,119622.2766631783,0.0048843496077468,0.0048843496077468,0.0,202.59166109762114,590.4600219726562
2025-05-16,120379.96749724922,0.006334027868440907,0.006334027868440907,0.0,202.59166109762114,594.2000122070312
2025-05-19,120511.64465783446,0.0010938461217664796,0.0010938461217664796,0.0,202.59166109762114,594.8499755859375
2025-05-20,120106.46133563922,-0.003362192287273703,-0.003362192287273703,0.0,202.59166109762114,592.8499755859375
2025-05-21,118082.57261970817,-0.016850789652983516,-0.016850789652983516,0.0,202.59166109762114,582.8599853515625
2025-05-22,118129.17711010594,0.0003946771260469315,0.0003946771260469315,0.0,202.59166109762114,583.0900268554688
2025-05-23,117322.85389059209,-0.006825775301577669,-0.006825775301577669,0.0,202.59166109762114,579.1099853515625
2025-05-27,119762.06540394422,0.020790591367874367,0.020790591367874367,0.0,202.59166109762114,591.1500244140625
2025-05-28,119069.19302003649,-0.005785407771406967,-0.005785407771406967,0.0,202.59166109762114,587.72998046875
2025-05-29,119539.20715760862,0.003947403401760156,0.003947403401760156,0.0,202.59166109762114,590.0499877929688
2025-05-30,119405.50210197821,-0.0011185037847383096,-0.0011185037847383096,0.0,202.59166109762114,589.3900146484375
2025-06-02,120078.10790064796,0.005632954820585259,0.005632954820585259,0.0,202.59166109762114,592.7100219726562
2025-06-03,120762.86870437501,0.005702628195088005,0.005702628195088005,0.0,202.59166109762114,596.0900268554688
2025-06-04,120730.44711407972,-0.0002684731709599657,-0.0002684731709599657,0.0,202.59166109762114,595.9299926757812
2025-06-05,120146.98214090148,-0.0048327906267664,-0.0048327906267664,0.0,202.59166109762114,593.0499877929688
2025-06-06,121380.77079768002,0.010268994150278491,0.010268994150278491,0.0,202.59166109762114,599.1400146484375
2025-06-09,121490.1658431958,0.0009012551559598517,0.0009012551559598517,0.0,202.59166109762114,599.6799926757812
2025-06-10,122178.9824370132,0.0056697312826655384,0.0056697312826655384,0.0,202.59166109762114,603.0800170898438
2025-06-11,121830.51835001416,-0.0028520788113347005,-0.0028520788113347005,0.0,202.59166109762114,601.3599853515625
2025-06-12,122314.71538768876,0.003974349319302119,0.003974349319302119,0.0,202.59166109762114,603.75
2025-06-13,120947.22167527983,-0.011180124223602412,-0.011180124223602412,0.0,202.59166109762114,597.0
2025-06-16,122097.94082648867,0.009514225587573293,0.009514225587573293,0.0,202.59166109762114,602.6799926757812
2025-06-17,121054.60119096414,-0.008545104270081077,-0.008545104270081077,0.0,202.59166109762114,597.530029296875
2025-06-18,121036.36250077133,-0.00015066498929718153,-0.00015066498929718153,0.0,202.59166109762114,597.4400024414062
2025-06-20,120396.17829239686,-0.00528918909282647,-0.00528918909282647,0.0,202.59166109762114,594.280029296875
2025-06-23,121585.3903538228,0.009877490118812579,0.009877490118812579,0.0,202.59166109762114,600.1500244140625
2025-06-24,122928.57405611713,0.011047245877037976,0.011047245877037976,0.0,202.59166109762114,606.780029296875
2025-06-25,122997.44829637065,0.0005602785258217255,0.0005602785258217255,0.0,202.59166109762114,607.1199951171875
2025-06-26,123959.75868658435,0.007823824018649084,0.007823824018649084,0.0,202.59166109762114,611.8699951171875
2025-06-27,124575.63288484419,0.004968339764334323,0.004968339764334323,0.0,202.59166109762114,614.9099731445312
2025-06-30,125171.25286307975,0.004781191670012516,0.004781191670012516,0.0,202.59166109762114,617.8499755859375
2025-07-01,125130.74442303118,-0.0003236241478934105,-0.0003236241478934105,0.0,202.59166109762114,617.6500244140625
2025-07-02,125697.99860106177,0.0045332918032747185,0.0045332918032747185,0.0,202.59166109762114,620.4500122070312
2025-07-03,126688.67479148043,0.007881399874653921,0.007881399874653921,0.0,202.59166109762114,625.3400268554688
2025-07-07,125744.59072624585,-0.0074520004790362485,-0.0074520004790362485,0.0,202.59166109762114,620.6799926757812
2025-07-08,125675.71648599232,-0.000547731237230489,-0.000547731237230489,0.0,202.59166109762114,620.3400268554688
2025-07-09,126429.3515299729,0.005996663994070662,0.005996663994070662,0.0,202.59166109762114,624.0599975585938
2025-07-10,126785.9148319389,0.0028202573030003276,0.0028202573030003276,0.0,202.59166109762114,625.8200073242188
2025-07-11,126340.2107044814,-0.0035154072757080735,-0.0035154072757080735,0.0,202.59166109762114,623.6199951171875
2025-07-14,126581.29527579612,0.0019082172648787754,0.0019082172648787754,0.0,202.59166109762114,624.8099975585938
2025-07-15,126040.3790029253,-0.004273271747553745,-0.004273271747553745,0.0,202.59166109762114,622.1400146484375
2025-07-16,126461.76075505449,0.0033432282214845856,0.0033432282214845856,0.0,202.59166109762114,624.219970703125
2025-07-17,127235.66238427305,0.006119649327969866,0.006119649327969866,0.0,202.59166109762114,628.0399780273438
2025-07-18,127142.47813390491,-0.0007323752525192818,-0.0007323752525192818,0.0,202.59166109762114,627.5800170898438
2025-07-21,127383.56270521962,0.0018961764380650687,0.0018961764380650687,0.0,202.59166109762114,628.77001953125
2025-07-22,127401.78903019875,0.00014308223598131248,0.00014308223598131248,0.0,202.59166109762114,628.8599853515625
2025-07-23,128485.66183619923,0.00850751637203119,0.00850751637203119,0.0,202.59166109762114,634.2100219726562
2025-07-24,128528.19817129297,0.00033105900289456586,0.00033105900289456586,0.0,202.59166109762114,634.4199829101562
2025-07-25,129071.14233920895,0.004224319453948797,0.004224319453948797,0.0,202.59166109762114,637.0999755859375
2025-07-28,129038.73311412736,-0.0002510958258695381,-0.0002510958258695381,0.0,202.59166109762114,636.9400024414062
2025-07-29,128698.380607309,-0.0026375995687848543,-0.0026375995687848543,0.0,202.59166109762114,635.260009765625
2025-07-30,128536.30975147364,-0.0012593076546150927,-0.0012593076546150927,0.0,202.59166109762114,634.4600219726562
2025-07-31,128054.1406088442,-0.0037512290773068033,-0.0037512290773068033,0.0,202.59166109762114,632.0800170898438
2025-08-01,125955.28160231044,-0.01639040328219424,-0.01639040328219424,0.0,202.59166109762114,621.719970703125
2025-08-04,127869.7752727257,0.01519978873502154,0.01519978873502154,0.0,202.59166109762114,631.1699829101562
2025-08-05,127221.47948417057,-0.005069968936540466,-0.005069968936540466,0.0,202.59166109762114,627.969970703125
2025-08-06,128195.95724465528,0.0076596952372806875,0.0076596952372806875,0.0,202.59166109762114,632.780029296875
2025-08-07,128088.57772897097,-0.0008376201402309704,-0.0008376201402309704,0.0,202.59166109762114,632.25
2025-08-08,129087.3531343566,0.007797536853746571,0.007797536853746571,0.0,202.59166109762114,637.1799926757812
2025-08-11,128832.0856629394,-0.0019774785462640583,-0.0019774785462640583,0.0,202.59166109762114,635.9199829101562
2025-08-12,130203.63516543868,0.010646024206172059,0.010646024206172059,0.0,202.59166109762114,642.6900024414062
2025-08-13,130649.33929289618,0.0034231312120524427,0.0034231312120524427,0.0,202.59166109762114,644.8900146484375
2025-08-14,130661.4942979535,9.303533506636074e-05,9.303533506636074e-05,0.0,202.59166109762114,644.9500122070312
2025-08-15,130355.5789112619,-0.0023412818622295033,-0.0023412818622295033,0.0,202.59166109762114,643.4400024414062
2025-08-18,130327.21311105695,-0.00021760326977841475,-0.00021760326977841475,0.0,202.59166109762114,643.2999877929688
2025-08-19,129620.17019226044,-0.005425136484688017,-0.005425136484688017,0.0,202.59166109762114,639.8099975585938
2025-08-20,129275.76189535174,-0.002657057897685645,-0.002657057897685645,0.0,202.59166109762114,638.1099853515625
2025-08-21,128757.12773755039,-0.004011843753210173,-0.004011843753210173,0.0,202.59166109762114,635.5499877929688
2025-08-22,130734.42432829735,0.015356793254796323,0.015356793254796323,0.0,202.59166109762114,645.3099975585938
2025-08-25,130159.05857008608,-0.0044010272058598665,-0.0044010272058598665,0.0,202.59166109762114,642.469970703125
2025-08-26,130704.03063304724,0.004186969919329176,0.004186969919329176,0.0,202.59166109762114,645.1599731445312
2025-08-27,131001.84680477185,0.002278553846290577,0.002278553846290577,0.0,202.59166109762114,646.6300048828125
2025-08-28,131465.77725720848,0.0035414039095800877,0.0035414039095800877,0.0,202.59166109762114,648.9199829101562
2025-08-29,130681.74851797777,-0.005963747794962493,-0.005963747794962493,0.0,202.59166109762114,645.0499877929688
2025-09-02,129713.36680784226,-0.007410229210411043,-0.007410229210411043,0.0,202.59166109762114,640.27001953125
2025-09-03,130416.35393654845,0.005419542688669783,0.005419542688669783,0.0,202.59166109762114,643.739990234375
2025-09-04,131506.29806247074,0.008357419089116585,0.008357419089116585,0.0,202.59166109762114,649.1199951171875
2025-09-05,131125.4247503901,-0.0028962362844378617,-0.0028962362844378617,0.0,202.59166109762114,647.239990234375
2025-09-08,131447.55093222935,0.002456626412859565,0.002456626412859565,0.0,202.59166109762114,648.8300170898438
2025-09-09,131751.43842387578,0.002311853583358904,0.002311853583358904,0.0,202.59166109762114,650.3300170898438
2025-09-10,132132.3117359564,0.002890847467298748,0.002890847467298748,0.0,202.59166109762114,652.2100219726562
2025-09-11,133230.35507684568,0.008310180352278413,0.008310180352278413,0.0,202.59166109762114,657.6300048828125
2025-09-12,133185.7784814931,-0.00033458287585342705,-0.00033458287585342705,0.0,202.59166109762114,657.4099731445312
2025-09-15,133894.84929533477,0.005323922883704964,0.005323922883704964,0.0,202.59166109762114,660.9099731445312
2025-09-16,133710.49632442996,-0.001376848862185765,-0.001376848862185765,0.0,202.59166109762114,660.0
2025-09-17,133544.36967850427,-0.001242435339725345,-0.001242435339725345,0.0,202.59166109762114,659.1799926757812
2025-09-18,134168.35545694476,0.004672497836806423,0.004672497836806423,0.0,202.59166109762114,662.260009765625
2025-09-19,134460.0879435339,0.0021743762573191907,0.0021743762573191907,0.0,202.59166109762114,663.7000122070312
2025-09-22,135096.2287270317,0.004731075170536458,0.004731075170536458,0.0,202.59166109762114,666.8400268554688
2025-09-23,134360.82000803025,-0.005443591771072917,-0.005443591771072917,0.0,202.59166109762114,663.2100219726562
2025-09-24,133933.34220555186,-0.0031815658943793244,-0.0031815658943793244,0.0,202.59166109762114,661.0999755859375
2025-09-25,133315.44011224684,-0.004613504621998495,-0.004613504621998495,0.0,202.59166109762114,658.0499877929688
2025-09-26,134079.21463145327,0.005729077731456771,0.005729077731456771,0.0,202.59166109762114,661.8200073242188
2025-09-29,134456.03215344355,0.0028104096748033927,0.0028104096748033927,0.0,202.59166109762114,663.6799926757812
2025-09-30,134962.5113061876,0.003766875644270471,0.003766875644270471,0.0,202.59166109762114,666.1799926757812
2025-10-01,135422.39833374758,0.003407516821590828,0.003407516821590828,0.0,202.59166109762114,668.4500122070312
2025-10-02,135578.38550444745,0.001151856506893624,0.001151856506893624,0.0,202.59166109762114,669.219970703125
2025-10-03,135576.36997461598,-1.4866158967483945e-05,-1.4866158967483945e-05,0.0,202.59166109762114,669.2100219726562
2025-10-06,136062.58254212205,0.00358626335545863,0.00358626335545863,0.0,202.59166109762114,671.6099853515625
2025-10-07,135558.13128442317,-0.003707494362329268,-0.003707494362329268,0.0,202.59166109762114,669.1199951171875
2025-10-08,136366.47003376848,0.005963041402874443,0.005963041402874443,0.0,202.59166109762114,673.1099853515625
2025-10-09,135971.4138215854,-0.0028970186885768925,-0.0028970186885768925,0.0,202.59166109762114,671.1599731445312
2025-10-10,132296.41048683695,-0.027027764376787243,-0.027027764376787243,0.0,202.59166109762114,653.02001953125
2025-10-13,134326.3705226898,0.015344029580113433,0.015344029580113433,0.0,202.59166109762114,663.0399780273438
2025-10-14,134162.27177180926,-0.0012216421112399686,-0.0012216421112399686,0.0,202.59166109762114,662.22998046875
2025-10-15,134757.89175004483,0.004439548990707557,0.004439548990707557,0.0,202.59166109762114,665.1699829101562
2025-10-16,133840.1579551837,-0.006810241559458195,-0.006810241559458195,0.0,202.59166109762114,660.6400146484375
2025-10-17,134599.8766842998,0.005676313751590701,0.005676313751590701,0.0,202.59166109762114,664.3900146484375
2025-10-20,135999.77962179034,0.01040047711762756,0.01040047711762756,0.0,202.59166109762114,671.2999877929688
2025-10-21,135997.75172674516,-1.4911017141462828e-05,-1.4911017141462828e-05,0.0,202.59166109762114,671.2899780273438
2025-10-22,135290.70880794866,-0.005198930936866799,-0.005198930936866799,0.0,202.59166109762114,667.7999877929688
2025-10-23,136092.97623737218,0.005929952148911968,0.005929952148911968,0.0,202.59166109762114,671.760009765625
2025-10-24,137205.2024783639,0.0081725469729738,0.0081725469729738,0.0,202.59166109762114,677.25
2025-10-27,138823.90787209972,0.011797696913067639,0.011797696913067639,0.0,202.59166109762114,685.239990234375
2025-10-28,139192.62617912304,0.002656014462314517,0.002656014462314517,0.0,202.59166109762114,687.0599975585938
2025-10-29,139259.48488954507,0.00048033227231445797,0.00048033227231445797,0.0,202.59166109762114,687.3900146484375
2025-10-30,137727.89242625562,-0.010998119550020181,-0.010998119550020181,0.0,202.59166109762114,679.8300170898438
2025-10-31,138179.66787363493,0.003280203010593511,0.003280203010593511,0.0,202.59166109762114,682.0599975585938
2025-11-03,138438.99113514245,0.0018767107020743136,0.0018767107020743136,0.0,202.59166109762114,683.3400268554688
2025-11-04,136797.9912611235,-0.011853596017736242,-0.011853596017736242,0.0,202.59166109762114,675.239990234375
2025-11-05,137272.06118878597,0.0034654743340313287,0.0034654743340313287,0.0,202.59166109762114,677.5800170898438
2025-11-06,135799.2158557379,-0.01072938892512531,-0.01072938892512531,0.0,202.59166109762114,670.3099975585938
2025-11-07,135932.92091136827,0.000984578996188203,0.000984578996188203,0.0,202.59166109762114,670.969970703125
2025-11-10,138054.0620329715,0.0156043223921177,0.0156043223921177,0.0,202.59166109762114,681.4400024414062
2025-11-11,138370.10452967524,0.002289266190720699,0.002289266190720699,0.0,202.59166109762114,683.0
2025-11-12,138447.09035010944,0.000556376109535215,0.000556376109535215,0.0,202.59166109762114,683.3800048828125
2025-11-13,136149.6954725684,-0.01659402788264692,-0.01659402788264692,0.0,202.59166109762114,672.0399780273438
2025-11-14,136127.41335749894,-0.0001636589416679249,-0.0001636589416679249,0.0,202.59166109762114,671.9299926757812
2025-11-17,134859.18758059363,-0.0093164612889153,-0.0093164612889153,0.0,202.59166109762114,665.6699829101562
2025-11-18,133726.7071195776,-0.00839750321304027,-0.00839750321304027,0.0,202.59166109762114,660.0800170898438
2025-11-19,134243.31338233378,0.003863149507556821,0.003863149507556821,0.0,202.59166109762114,662.6300048828125
2025-11-20,132197.1425513333,-0.015242255122032495,-0.015242255122032495,0.0,202.59166109762114,652.530029296875
2025-11-21,133513.98834846783,0.009961227389035217,0.009961227389035217,0.0,202.59166109762114,659.030029296875
2025-11-24,135479.1175689438,0.014718526835907512,0.014718526835907512,0.0,202.59166109762114,668.72998046875
2025-11-25,136753.4270309846,0.009405947461920297,0.009405947461920297,0.0,202.59166109762114,675.02001953125
2025-11-26,137697.4987310055,0.006903459171132845,0.006903459171132845,0.0,202.59166109762114,679.6799926757812
2025-11-28,138449.1182451546,0.0054584834225448915,0.0054584834225448915,0.0,202.59166109762114,683.3900146484375
2025-12-01,137817.0332517471,-0.004565467815318506,-0.004565467815318506,0.0,202.59166109762114,680.27001953125
2025-12-02,138072.3007231643,0.0018522200441719826,0.0018522200441719826,0.0,202.59166109762114,681.530029296875
2025-12-03,138550.41407570342,0.0034627752998606497,0.0034627752998606497,0.0,202.59166109762114,683.8900146484375
2025-12-04,138651.70990625222,0.0007311117128343729,0.0007311117128343729,0.0,202.59166109762114,684.3900146484375
2025-12-05,138915.07659263638,0.0018994838690574887,0.0018994838690574887,0.0,202.59166109762114,685.6900024414062
2025-12-08,138497.73826538384,-0.0030042694967974495,-0.0030042694967974495,0.0,202.59166109762114,683.6300048828125
2025-12-09,138378.2037446422,-0.0008630792259769047,-0.0008630792259769047,0.0,202.59166109762114,683.0399780273438
2025-12-10,139295.949904717,0.006632158354710109,0.006632158354710109,0.0,202.59166109762114,687.5700073242188
2025-12-11,139620.09161638774,0.0023270002601831156,0.0023270002601831156,0.0,202.59166109762114,689.1699829101562
2025-12-12,138118.8928483484,-0.010752025375860367,-0.010752025375860367,0.0,202.59166109762114,681.760009765625
2025-12-15,137910.21750211527,-0.001510838538665716,-0.001510838538665716,0.0,202.59166109762114,680.72998046875
2025-12-16,137533.39998012496,-0.00273233940758977,-0.00273233940758977,0.0,202.59166109762114,678.8699951171875
2025-12-17,136020.04620702832,-0.011003536401451068,-0.011003536401451068,0.0,202.59166109762114,671.4000244140625
2025-12-18,137047.1750474052,0.007551304892321173,0.007551304892321173,0.0,202.59166109762114,676.469970703125
2025-12-19,137881.864067124,0.0060905233502993915,0.0060905233502993915,0.0,202.59166109762114,680.5900268554688
2025-12-22,138740.85073174373,0.006229874178387661,0.006229874178387661,0.0,202.59166109762114,684.8300170898438
2025-12-23,139374.96362019636,0.004570484360649389,0.004570484360649389,0.0,202.59166109762114,687.9600219726562
2025-12-24,139865.23197779278,0.003517621421107049,0.003517621421107049,0.0,202.59166109762114,690.3800048828125
2025-12-26,139851.04907769032,-0.0001014040437491408,-0.0001014040437491408,0.0,202.59166109762114,690.3099975585938
2025-12-29,139352.66913991323,-0.003563648189011661,-0.003563648189011661,0.0,202.59166109762114,687.8499755859375
2025-12-30,139182.4990691109,-0.001221146834521502,-0.001221146834521502,0.0,202.59166109762114,687.010009765625
2025-12-31,138151.30207342998,-0.007408955885817795,-0.007408955885817795,0.0,202.59166109762114,681.9199829101562
2026-01-02,138404.541649802,0.0018330596423725735,0.0018330596423725735,0.0,202.59166109762114,683.1699829101562
2026-01-05,139326.33123475345,0.006660110816910933,0.006660110816910933,0.0,202.59166109762114,687.719970703125
2026-01-06,140154.93656933674,0.0059472271123479125,0.0059472271123479125,0.0,202.59166109762114,691.8099975585938
2026-01-07,139703.1611219574,-0.003223400177244788,-0.003223400177244788,0.0,202.59166109762114,689.5800170898438
2026-01-08,139688.97822185495,-0.00010152168346483229,-0.00010152168346483229,0.0,202.59166109762114,689.510009765625
2026-01-09,140612.79570185154,0.0066133884845902425,0.0066133884845902425,0.0,202.59166109762114,694.0700073242188
2026-01-12,140833.6136879283,0.001570397523031741,0.001570397523031741,0.0,202.59166109762114,695.1599731445312
2026-01-13,140552.020676565,-0.001999473023445042,-0.001999473023445042,0.0,202.59166109762114,693.77001953125
2026-01-14,139861.17618770245,-0.004915222744839135,-0.004915222744839135,0.0,202.59166109762114,690.3599853515625
2026-01-15,140242.04949978308,0.002723224002989024,0.002723224002989024,0.0,202.59166109762114,692.239990234375
2026-01-16,140124.54287408662,-0.0008378844014016317,-0.0008378844014016317,0.0,202.59166109762114,691.6599731445312
2026-01-20,137272.06118878597,-0.020356759970762847,-0.020356759970762847,0.0,202.59166109762114,677.5800170898438
2026-01-21,138856.32946239502,0.01154108315915979,0.01154108315915979,0.0,202.59166109762114,685.4000244140625
2026-01-22,139581.59870617063,0.00522316301016744,0.00522316301016744,0.0,202.59166109762114,688.97998046875
2026-01-23,139632.24662144503,0.0003628552455615378,0.0003628552455615378,0.0,202.59166109762114,689.22998046875
2026-01-26,140341.3174352867,0.005078130811459569,0.005078130811459569,0.0,202.59166109762114,692.72998046875
2026-01-27,140900.47239835034,0.003984250492172151,0.003984250492172151,0.0,202.59166109762114,695.489990234375
2026-01-28,140886.28949824788,-0.00010065899610586316,-0.00010065899610586316,0.0,202.59166109762114,695.4199829101562
2026-01-29,140606.71201671605,-0.0019844193677576133,-0.0019844193677576133,0.0,202.59166109762114,694.0399780273438
2026-01-30,140187.34579441833,-0.0029825476770117356,-0.0029825476770117356,0.0,202.59166109762114,691.969970703125
2026-02-02,140884.2616032027,0.004971317523953836,0.004971317523953836,0.0,202.59166109762114,695.4099731445312
2026-02-03,139693.03401194527,-0.008455363130712863,-0.008455363130712863,0.0,202.59166109762114,689.530029296875
2026-02-04,139016.3724231852,-0.004843917905757575,-0.004843917905757575,0.0,202.59166109762114,686.1900024414062
2026-02-05,137280.16040375293,-0.012489262877231514,-0.012489262877231514,0.0,202.59166109762114,677.6199951171875
2026-02-06,139913.85199802203,0.01918479397549639,0.01918479397549639,0.0,202.59166109762114,690.6199951171875
2026-02-09,140588.48569173692,0.004821779145387444,0.004821779145387444,0.0,202.59166109762114,693.9500122070312
2026-02-10,140217.73948966846,-0.0026371021797715554,-0.0026371021797715554,0.0,202.59166109762114,692.1199951171875
2026-02-11,140185.33026458687,-0.0002311349847711413,-0.0002311349847711413,0.0,202.59166109762114,691.9600219726562
2026-02-12,138019.62491284474,-0.015448872914552193,-0.015448872914552193,0.0,202.59166109762114,681.27001953125
2026-02-13,138116.86495330321,0.0007045377823616102,0.0007045377823616102,0.0,202.59166109762114,681.75
2026-02-17,138339.71083442512,0.0016134588719288253,0.0016134588719288253,0.0,202.59166109762114,682.8499755859375
2026-02-18,139036.62664320949,0.0050377133549056406,0.0050377133549056406,0.0,202.59166109762114,686.2899780273438
2026-02-19,138669.93623123135,-0.0026373655692835986,-0.0026373655692835986,0.0,202.59166109762114,684.47998046875
2026-02-20,139672.7674267073,0.007231785221302227,0.007231785221302227,0.0,202.59166109762114,689.4299926757812
2026-02-23,138246.52658405696,-0.010211302238274461,-0.010211302238274461,0.0,202.59166109762114,682.3900146484375
2026-02-24,139251.37330936443,0.007268513358970318,0.007268513358970318,0.0,202.59166109762114,687.3499755859375
2026-02-25,140426.41483590158,0.008438276037153712,0.008438276037153712,0.0,202.59166109762114,693.1500244140625
2026-02-26,139646.4295215475,-0.0055544059517971525,-0.0055544059517971525,0.0,202.59166109762114,689.2999877929688
2026-02-27,138975.85161792295,-0.004801969559279676,-0.004801969559279676,0.0,202.59166109762114,685.989990234375
2026-03-02,139054.8653334023,0.0005685427688299077,0.0005685427688299077,0.0,202.59166109762114,686.3800048828125
2026-03-03,137829.18825680442,-0.008814341545397574,-0.008814341545397574,0.0,202.59166109762114,680.3300170898438
2026-03-04,138801.62575703027,0.007055381465455579,0.007055381465455579,0.0,202.59166109762114,685.1300048828125
2026-03-05,138027.7241278117,-0.005575594846225148,-0.005575594846225148,0.0,202.59166109762114,681.3099975585938
2026-03-06,136218.5820780356,-0.013107091790493188,-0.013107091790493188,0.0,202.59166109762114,672.3800048828125
2026-03-09,137411.84992955188,0.008759949144329636,0.008759949144329636,0.0,202.59166109762114,678.27001953125
2026-03-10,137191.01957826145,-0.0016070691967516161,-0.0016070691967516161,0.0,202.59166109762114,677.1799926757812
2026-03-11,137018.82161241394,-0.0012551693717041848,-0.0012551693717041848,0.0,202.59166109762114,676.3300170898438
2026-03-12,134938.20129607298,-0.015184923442316787,-0.015184923442316787,0.0,202.59166109762114,666.0599975585938
2026-03-13,134174.42677686657,-0.005660180081477274,-0.005660180081477274,0.0,202.59166109762114,662.2899780273438
2026-03-16,135539.90495944404,0.010176888512803366,0.010176888512803366,0.0,202.59166109762114,669.030029296875
2026-03-17,135896.45589619636,0.0026305975119209762,0.0026305975119209762,0.0,202.59166109762114,670.7899780273438
2026-03-18,134000.2009159739,-0.013953675007322558,-0.013953675007322558,0.0,202.59166109762114,661.4299926757812
2026-03-19,133669.9755191677,-0.002464364937879985,-0.002464364937879985,0.0,202.59166109762114,659.7999877929688
2026-03-20,131394.87512190978,-0.017020279897722288,-0.017020279897722288,0.0,202.59166109762114,648.5700073242188
2026-03-23,132774.52383937605,0.010500019244937986,0.010500019244937986,0.0,202.59166109762114,655.3800048828125
2026-03-24,132328.81971191854,-0.003356849752266536,-0.003356849752266536,0.0,202.59166109762114,653.1799926757812
2026-03-25,133066.25632596517,0.005572758947386054,0.005572758947386054,0.0,202.59166109762114,656.8200073242188
2026-03-26,130689.86009815845,-0.017858744158138717,-0.017858744158138717,0.0,202.59166109762114,645.0900268554688
2026-03-27,128461.35182608462,-0.017051883523327992,-0.017051883523327992,0.0,202.59166109762114,634.0900268554688
2026-03-30,128031.84612856107,-0.003343462383184546,-0.003343462383184546,0.0,202.59166109762114,631.969970703125
2026-03-31,131753.46631892095,0.02906792569891464,0.02906792569891464,0.0,202.59166109762114,650.3400268554688
2026-04-01,132746.15803917107,0.007534463782889951,0.007534463782889951,0.0,202.59166109762114,655.239990234375
2026-04-02,132613.4118811319,-0.0009999999999999786,-0.0019999999999999784,132613.4118811319,0.0,655.8300170898438
2026-04-06,132613.4118811319,0.0,0.0,132613.4118811319,0.0,658.9299926757812
2026-04-07,132613.4118811319,0.0,0.0,132613.4118811319,0.0,659.219970703125
2026-04-08,132613.4118811319,0.0,0.0,132613.4118811319,0.0,676.010009765625
2026-04-09,133245.09227403847,0.004763322079917313,0.0037633220799173127,0.0,195.9746106646887,679.9099731445312
2026-04-10,133156.91326831214,-0.0006617805145496434,-0.0006617805145496434,0.0,195.9746106646887,679.4600219726562
2026-04-13,134458.1755925065,0.009772397784351704,0.009772397784351704,0.0,195.9746106646887,686.0999755859375
2026-04-14,136096.53242828246,0.01218488075237024,0.01218488075237024,0.0,195.9746106646887,694.4600219726562
2026-04-15,137170.46946709586,0.007890994867039102,0.007890994867039102,0.0,195.9746106646887,699.9400024414062
2026-04-16,137507.54005599543,0.002457311622604225,0.002457311622604225,0.0,195.9746106646887,701.6599731445312
2026-04-17,139169.41288814388,0.012085685130224198,0.012085685130224198,0.0,195.9746106646887,710.1400146484375
2026-04-20,138891.1203288345,-0.001999667552905773,-0.001999667552905773,0.0,195.9746106646887,708.719970703125
2026-04-21,137981.8072259695,-0.006546949154936231,-0.006546949154936231,0.0,195.9746106646887,704.0800170898438
2026-04-22,139379.107156916,0.01012669683807061,0.01012669683807061,0.0,195.9746106646887,711.2100219726562
2026-04-23,138838.2153176669,-0.0038807239498251413,-0.0038807239498251413,0.0,195.9746106646887,708.4500122070312
2026-04-24,139914.1140164015,0.007749297960024116,0.007749297960024116,0.0,195.9746106646887,713.9400024414062
2026-04-27,140155.15895988993,0.0017228064887019135,0.0017228064887019135,0.0,195.9746106646887,715.1699829101562
2026-04-28,139473.17114240595,-0.004865948728146045,-0.004865948728146045,0.0,195.9746106646887,711.6900024414062
2026-04-29,139451.61680595466,-0.000154541093994898,-0.000154541093994898,0.0,195.9746106646887,711.5800170898438
2026-04-30,140839.10843729516,0.009949627427204205,0.009949627427204205,0.0,195.9746106646887,718.6599731445312
2026-05-01,141229.1079600443,0.0027691138283708156,0.0027691138283708156,0.0,195.9746106646887,720.6500244140625
2026-05-04,140711.7321171677,-0.0036633796697417348,-0.0036633796697417348,0.0,195.9746106646887,718.010009765625
2026-05-05,141840.54778841085,0.008022185884992239,0.008022185884992239,0.0,195.9746106646887,723.77001953125
2026-05-06,143812.05189324397,0.013899439445017437,0.013899439445017437,0.0,195.9746106646887,733.8300170898438
2026-05-07,143371.10901924843,-0.0030661051573262622,-0.0030661051573262622,0.0,195.9746106646887,731.5800170898438
2026-05-08,144554.7913615804,0.008256073001242228,0.008256073001242228,0.0,195.9746106646887,737.6199951171875
2026-05-11,144884.02727213615,0.0022775855954315963,0.0022775855954315963,0.0,195.9746106646887,739.2999877929688
2026-05-12,144664.53666509897,-0.0015149399914519903,-0.0015149399914519903,0.0,195.9746106646887,738.1799926757812
2026-05-13,145473.91276405143,0.0055948480367802944,0.0055948480367802944,0.0,195.9746106646887,742.3099975585938
2026-05-14,146622.32111182465,0.007894256268722618,0.007894256268722618,0.0,195.9746106646887,748.1699829101562
2026-05-15,144858.54961584246,-0.012029351892724516,-0.012029351892724516,0.0,195.9746106646887,739.1699829101562
2026-05-18,144756.6509520087,-0.0007034356211904411,-0.0007034356211904411,0.0,195.9746106646887,738.6500244140625
2026-05-19,143792.4472553729,-0.0066608593822431545,-0.0066608593822431545,0.0,195.9746106646887,733.72998046875
2026-05-20,145266.1801552005,0.010249028568310458,0.010249028568310458,0.0,195.9746106646887,741.25
2026-05-21,145554.25709143392,0.0019830970699830663,0.0019830970699830663,0.0,195.9746106646887,742.719970703125
2026-05-22,146126.51156674032,0.003931554368395574,0.003931554368395574,0.0,195.9746106646887,745.6400146484375
2026-05-26,147096.58828179873,0.006638608590990359,0.006638608590990359,0.0,195.9746106646887,750.5900268554688
2026-05-27,147071.11062550504,-0.00017320358406192914,-0.00017320358406192914,0.0,195.9746106646887,750.4600219726562
2026-05-28,147882.4364230377,0.0055165545026621705,0.0055165545026621705,0.0,195.9746106646887,754.5999755859375
2026-05-29,148250.86964799458,0.002491392716190652,0.002491392716190652,0.0,195.9746106646887,756.47998046875
2026-06-01,148654.57686751022,0.002723135590868334,0.002723135590868334,0.0,195.9746106646887,758.5399780273438
2026-06-02,148856.43645793851,0.0013579103629497297,0.0013579103629497297,0.0,195.9746106646887,759.5700073242188
2026-06-03,147811.88843392025,-0.007017150543661025,-0.007017150543661025,0.0,195.9746106646887,754.239990234375
2026-06-04,148370.4232511192,0.003778686701838976,0.003778686701838976,0.0,195.9746106646887,757.0900268554688
2026-06-05,144541.07170347296,-0.025809399634622684,-0.025809399634622684,0.0,195.9746106646887,737.5499877929688
2026-06-08,144868.3459541075,0.0022642301373407827,0.0022642301373407827,0.0,195.9746106646887,739.219970703125
2026-06-09,144443.0843981406,-0.002935503633772485,-0.002935503633772485,0.0,195.9746106646887,737.0499877929688
2026-06-10,142165.8603791242,-0.015765545498457354,-0.015765545498457354,0.0,195.9746106646887,725.4299926757812
2026-06-11,144582.23067779528,0.01699683941156588,0.01699683941156588,0.0,195.9746106646887,737.760009765625
2026-06-12,145364.16746053283,0.005408249541260137,0.005408249541260137,0.0,195.9746106646887,741.75
2026-06-15,147927.51871720245,0.017633996750716297,0.017633996750716297,0.0,195.9746106646887,754.8300170898438
2026-06-16,147045.63296921135,-0.005961607114339711,-0.005961607114339711,0.0,195.9746106646887,750.3300170898438
2026-06-17,145209.3518241905,-0.012487831892330575,-0.012487831892330575,0.0,195.9746106646887,740.9600219726562
2026-06-18,146342.0788539351,0.0,0.0,0.0,195.9746106646887,746.739990234375
