Date,ppo_agent,buy_and_hold,moving_average,random
2024-01-02,100000.0,99084.14780154309,99084.14780154309,100000.0
2024-01-03,100000.0,98764.98990979671,98764.98990979671,100000.0
2024-01-04,100000.0,98900.26435008987,98900.26435008987,100036.82901803187
2024-01-05,100000.0,100312.15745688783,100312.15745688783,101464.94764081448
2024-01-08,100000.0,100159.97693667821,100159.97693667821,101311.01825771196
2024-01-09,100000.0,100726.42414236501,100726.42414236501,101209.70723945425
2024-01-10,100000.0,100682.04003862396,100682.04003862396,101209.70723945425
2024-01-11,100000.0,100751.78648735989,100751.78648735989,101209.70723945425
2024-01-12,100000.0,100381.90390562375,100381.90390562375,101209.70723945425
2024-01-16,100000.0,99823.91296501536,99823.91296501536,101209.70723945425
2024-01-17,100000.0,100711.62729103788,100711.62729103788,102007.63541487239
2024-01-18,100000.0,101967.11497020719,101967.11497020719,101905.62777945751
2024-01-19,100000.0,102182.70780314435,102182.70780314435,101905.62777945751
2024-01-22,100000.0,102480.72180707454,102480.72180707454,101905.62777945751
2024-01-23,100000.0,102592.74958120249,102592.74958120249,101905.62777945751
2024-01-24,100000.0,103150.74052181089,103150.74052181089,101905.62777945751
2024-01-25,100000.0,103019.69743917711,103019.69743917711,101674.3903261685
2024-01-26,100000.0,103835.54963763403,103835.54963763403,102479.58852550651
2024-01-29,100000.0,103755.23769523035,103755.23769523035,102377.108936981
2024-01-30,100000.0,102062.23021417833,102062.23021417833,100605.88223592915
2024-01-31,100000.0,103398.03628599165,103398.03628599165,101922.62740276386
2024-02-01,100000.0,104486.54659362421,104486.54659362421,102995.60552201979
2024-02-02,100000.0,104106.09206797999,104106.09206797999,102620.57978406789
2024-02-05,100000.0,104408.34387980988,104408.34387980988,102517.95920428382
2024-02-06,100000.0,105279.15212591593,105279.15212591593,102517.95920428382
2024-02-07,100000.0,105325.65190848666,105325.65190848666,102460.67618147118
2024-02-08,100000.0,105934.37398932515,105934.37398932515,103052.84033976658
2024-02-09,100000.0,105887.87420675442,105887.87420675442,102949.78749942682
2024-02-12,100000.0,104429.47486714539,104429.47486714539,101430.32273017337
2024-02-13,100000.0,105378.4922773061,105378.4922773061,102352.08492721224
2024-02-14,100000.0,106105.57626828093,106105.57626828093,103058.28750029174
2024-02-15,100000.0,105577.17258008645,105577.17258008645,102545.05925037892
2024-02-16,100000.0,104995.92852307252,104995.92852307252,101980.50817547482
2024-02-20,100000.0,105091.03731680333,105091.03731680333,102072.88550146316
2024-02-21,100000.0,107265.9487034791,107265.9487034791,101970.8126159617
2024-02-22,100000.0,107339.92650987439,107339.92650987439,101970.8126159617
2024-02-23,100000.0,106946.79081173273,106946.79081173273,101970.8126159617
2024-02-26,100000.0,107145.47111451307,107145.47111451307,101970.8126159617
2024-02-27,100000.0,107003.86253821154,107003.86253821154,101970.8126159617
2024-02-28,100000.0,107388.53552103447,107388.53552103447,102235.05466990665
2024-02-29,100000.0,108396.72743602302,108396.72743602302,103194.8643464845
2024-03-01,100000.0,108280.48120471636,108280.48120471636,103091.66948213801
2024-03-04,100000.0,107198.31148333252,107198.31148333252,103091.66948213801
2024-03-05,100000.0,107741.51202285413,107741.51202285413,103510.4465833323
2024-03-06,100000.0,108811.00057174053,108811.00057174053,104537.93575841933
2024-03-07,100000.0,108157.894387161,108157.894387161,104433.39782266092
2024-03-08,100000.0,108064.89482201953,108064.89482201953,104239.2571651126
2024-03-11,100000.0,109227.38938628773,109227.38938628773,104135.01790794749
2024-03-12,100000.0,109056.17420685127,109056.17420685127,104135.01790794749
2024-03-13,100000.0,108840.59427439478,108840.59427439478,104135.01790794749
2024-03-14,100000.0,107758.4181027706,107758.4181027706,104135.01790794749
2024-03-15,100000.0,108398.8431148527,108398.8431148527,104135.01790794749
2024-03-18,100000.0,109001.2310596828,109001.2310596828,104608.99745235636
2024-03-19,100000.0,110009.41652443101,110009.41652443101,105576.55781555631
2024-03-20,100000.0,110372.96497015876,110372.96497015876,105925.45697993474
2024-03-21,100000.0,110163.71917371066,110163.71917371066,105724.64279852818
2024-03-22,100000.0,109859.35813329142,109859.35813329142,105432.54606721346
2024-03-25,100000.0,109656.44647285169,109656.44647285169,105237.81078611953
2024-03-26,100000.0,110577.9794089475,110577.9794089475,105132.57297533342
2024-03-27,100000.0,110556.84842161198,110556.84842161198,105132.57297533342
2024-03-28,100000.0,110364.50225484003,110364.50225484003,105132.57297533342
2024-04-01,100000.0,109662.79350934074,109662.79350934074,105132.57297533342
2024-04-02,100000.0,109783.2581978261,109783.2581978261,105142.81315081361
2024-04-03,100000.0,108443.23366883407,108443.23366883407,105037.6703376628
2024-04-04,100000.0,109576.12808020768,109576.12808020768,106028.85222015184
2024-04-05,100000.0,109637.4182638652,109637.4182638652,106088.15827466776
2024-04-08,100000.0,109764.24288932027,109764.24288932027,105982.0701163931
2024-04-09,100000.0,108665.16063777963,108665.16063777963,104815.93834569019
2024-04-10,100000.0,109485.24419389591,109485.24419389591,105606.9722608079
2024-04-11,100000.0,107974.01093570776,107974.01093570776,104149.27108881761
2024-04-12,100000.0,106621.29878397797,106621.29878397797,104045.1218177288
2024-04-15,100000.0,106426.84338861666,106426.84338861666,104045.1218177288
2024-04-16,100000.0,105796.98387020231,105796.98387020231,103325.92853942486
2024-04-17,100000.0,105579.2818086758,105579.2818086758,103113.31125271873
2024-04-18,100000.0,104657.74887257999,104657.74887257999,103010.19794146602
2024-04-19,100000.0,105621.5566838275,105621.5566838275,103854.87439309579
2024-04-22,100000.0,106874.92868416711,106874.92868416711,105087.28182724057
2024-04-23,100000.0,106824.20399417735,106824.20399417735,105037.40558537372
2024-04-24,100000.0,106418.38712353825,106418.38712353825,104638.3766233884
2024-04-25,100000.0,107426.58548876713,106311.96873641471,104533.738246765
2024-04-26,100000.0,107807.03356417101,106311.96873641471,104533.738246765
2024-04-29,100000.0,106099.23568203222,106311.96873641471,102774.91565187392
2024-04-30,100000.0,105754.71544529096,106311.96873641471,102441.18998416449
2024-05-01,100000.0,106743.88560153334,106311.96873641471,102338.74879418033
2024-05-02,100000.0,108067.01050084922,106311.96873641471,103503.66333099987
2024-05-03,100000.0,109182.99883230634,106311.96873641471,103400.15966766888
2024-05-06,100000.0,109303.47642127237,106311.96873641471,103400.15966766888
2024-05-07,100000.0,109314.04191494013,106311.96873641471,103400.15966766888
2024-05-08,100000.0,109943.89498311412,106311.96873641471,103400.15966766888
2024-05-09,100000.0,110085.51645989633,106311.96873641471,103400.15966766888
2024-05-10,100000.0,110100.30041074278,106311.96873641471,103310.63176172064
2024-05-13,100000.0,110605.45743277206,106311.96873641471,103207.32112995892
2024-05-14,100000.0,111975.08856489901,106311.96873641471,103207.32112995892
2024-05-15,100000.0,111744.69888063472,106311.96873641471,102891.9762295584
2024-05-16,100000.0,111905.33566592276,106311.96873641471,102789.08425332884
2024-05-17,100000.0,112034.26306972685,106311.96873641471,102789.08425332884
2024-05-20,100000.0,112309.03040749184,106466.12927640964,102789.08425332884
2024-05-21,100000.0,111985.65405856677,106159.57665063527,102789.08425332884
2024-05-22,100000.0,111167.68618128017,105384.16372568016,101936.25185690317
2024-05-23,100000.0,111903.21998709306,106081.43122921675,102610.70647455478
2024-05-24,100000.0,111981.4227009074,106155.56543025572,102508.09576808022
2024-05-28,100000.0,111197.26698345375,105412.20558034569,102508.09576808022
2024-05-29,100000.0,110459.61749881116,104712.93246661933,102508.09576808022
2024-05-30,100000.0,111465.70018521036,105666.67348783812,102508.09576808022
2024-05-31,100000.0,111556.58407152213,105752.82912068532,102508.09576808022
2024-06-03,100000.0,111681.29301814752,105871.050057908,102508.09576808022
2024-06-04,100000.0,113008.6363746421,107129.33809471139,102508.09576808022
2024-06-05,100000.0,113006.52069581242,107127.33248452161,102403.67049729942
2024-06-06,100000.0,112869.14347717025,106997.10234482116,102279.18271247915
2024-06-07,100000.0,113217.88217109021,107327.69783421194,102176.90352976667
2024-06-10,100000.0,113490.54673050619,107586.17696208392,102176.90352976667
2024-06-11,100000.0,114422.64516026975,108469.78277331285,102176.90352976667
2024-06-12,100000.0,114653.03484453404,108688.18638538069,102280.25381017714
2024-06-13,100000.0,114722.7877435103,108754.31037499101,102342.47932580314
2024-06-14,100000.0,115635.85796428737,109619.87792384242,103157.01558342796
2024-06-17,100000.0,115929.65351103886,109898.38869495127,103419.10618688026
2024-06-18,100000.0,115614.72697695186,109599.84628060556,103138.16494636574
2024-06-20,100000.0,115088.43896758706,109100.93851656953,102668.67130192733
2024-06-21,100000.0,114714.32502819155,108746.28793423192,102334.9298643179
2024-06-24,100000.0,115156.07618773363,109165.05689599008,102729.00945218203
2024-06-25,100000.0,115299.80044286486,109301.30386625986,102857.22370585121
2024-06-26,100000.0,115481.5682154884,109473.61513195423,102754.36648214536
2024-06-27,100000.0,115027.13588344888,109042.82473838786,102247.66703419106
2024-06-28,100000.0,115263.87260420222,109267.24518102502,102458.1023998328
2024-07-01,100000.0,116039.56560633713,110002.58259017598,102355.64429743297
2024-07-02,100000.0,116557.40380086385,110493.48014278334,102709.60420467934
2024-07-03,100000.0,117229.53174418955,111130.64048727891,103301.87885032804
2024-07-05,100000.0,117364.80618448269,111258.87724612003,103198.57697147771
2024-07-08,100000.0,117478.93673695966,111367.07013239384,103195.63274567427
2024-07-09,100000.0,118641.4248509875,112469.07955569061,104216.7834286689
2024-07-10,100000.0,117618.42963443151,111499.30588228407,103318.1658415463
2024-07-11,100000.0,118360.31047673346,112202.59021638996,103969.84745418008
2024-07-12,100000.0,118685.81540496889,112511.16068168453,104255.77689790924
2024-07-15,100000.0,119389.63982929786,113178.36849103539,104874.02906147037
2024-07-16,100000.0,117715.66055723233,111591.47834570057,104769.1550324089
2024-07-17,100000.0,116811.02725081267,110733.90877894739,104769.1550324089
2024-07-18,100000.0,116035.33424867775,109998.57136979644,103969.3536222153
2024-07-19,100000.0,117231.64742301923,111132.64609746869,105041.26769279887
2024-07-22,100000.0,117047.763971566,110958.32922158454,104876.50543556744
2024-07-23,100000.0,114395.16713644519,108443.73429950667,102499.73994293917
2024-07-24,100000.0,113799.12622810414,107878.70254586032,102397.24020299622
2024-07-25,100000.0,115073.64211625994,109086.91147457156,102397.24020299622
2024-07-26,100000.0,115141.27933640651,109151.0298539921,102397.24020299622
2024-07-29,100000.0,114557.9196005629,108598.01953215395,101776.56930009936
2024-07-30,100000.0,116420.01368174101,110363.23777375247,101674.79273079926
2024-07-31,100000.0,114771.39675467038,108800.39049203404,101674.79273079926
2024-08-01,100000.0,112634.53533572727,106774.6997417042,101674.79273079926
2024-08-02,100000.0,109354.20111126213,103665.0256011247,101674.79273079926
2024-08-05,100000.0,110362.39947649102,104620.77223253326,101674.79273079926
2024-08-06,100000.0,109624.73709136776,103921.48688947648,101674.79273079926
2024-08-07,102209.42464012427,112158.97201635223,106323.87770490098,101674.79273079926
2024-08-08,102660.12952878565,112653.5506442331,106792.72577475129,101674.79273079926
2024-08-09,102714.06645896401,112712.7380495416,106685.93304897654,101674.79273079926
2024-08-12,104403.26342638765,114566.36941540097,106685.93304897654,101674.79273079926
2024-08-13,104298.86016296127,114927.80218229904,106685.93304897654,101893.5597330398
2024-08-14,104298.86016296127,116897.69267994573,106685.93304897654,103640.04014315961
2024-08-15,104298.86016296127,117159.77884521328,106685.93304897654,103872.40247697971
2024-08-16,104298.86016296127,118279.99208408945,106685.93304897654,104865.56959931027
2024-08-19,104298.86016296127,118087.65881779815,106685.93304897654,104695.04931800865
2024-08-20,104298.86016296127,118493.46923819692,106685.93304897654,104590.35426869064
2024-08-21,104298.86016296127,117563.47358678238,106685.93304897654,104590.35426869064
2024-08-22,104298.86016296127,118812.6271299433,106685.93304897654,105595.96216071
2024-08-23,104298.86016296127,118529.39707685956,106685.93304897654,105344.23849555195
2024-08-26,104298.86016296127,118692.14954097728,106685.93304897654,105488.88644634375
2024-08-27,104298.86016296127,118003.10906749476,106685.93304897654,104876.4945354614
2024-08-28,104298.86016296127,118013.67456116252,106685.93304897654,104771.61804092594
2024-08-29,104298.86016296127,119140.23483652773,106685.93304897654,104771.61804092594
2024-08-30,104298.86016296127,116688.44688349763,106685.93304897654,104771.61804092594
2024-09-03,104298.86016296127,116449.60738439526,106361.09926431299,104452.6128990022
2024-09-04,104298.86016296127,116166.37733131154,106102.40659486297,104198.56207169058
2024-09-05,104298.86016296127,114211.28368499195,104316.69074697005,102444.88814863292
2024-09-06,104298.86016296127,115490.01803032646,105484.64308010119,103591.88337321092
2024-09-09,104298.86016296127,115993.05937352606,105944.10388413371,103488.2914898377
2024-09-10,104298.86016296127,117183.02551137848,107030.97836445294,103488.2914898377
2024-09-11,104298.86016296127,118170.09288927185,107932.53203834493,103488.2914898377
2024-09-12,104298.86016296127,118787.2647849484,108496.23579599276,103924.75534202487
2024-09-13,104298.86016296127,118962.69842156356,108656.47089559882,103820.83058668285
2024-09-16,104298.86016296127,119011.30743272364,108700.86870832884,103820.83058668285
2024-09-17,104298.86016296127,118658.33738114432,108378.47790309896,103820.83058668285
2024-09-18,104298.86016296127,120683.17102595948,110227.89188677174,105486.87857044833
2024-09-19,104298.86016296127,120106.15832660493,109700.86816920579,105381.39169187789
2024-09-20,104298.86016296127,120406.2880093648,109974.99638395208,105381.39169187789
2024-09-23,104298.86016296127,120750.80824610605,110289.66941653383,105577.23805657173
2024-09-24,104298.86016296127,120484.49072317913,110046.42407523908,105471.66081851516
2024-09-25,104298.86016296127,120962.16972138385,110482.71977846819,105783.92936126473
2024-09-26,104298.86016296127,120786.7360847687,110322.48467886215,105630.5090029326
2024-09-27,104298.86016296127,121270.76211946247,110764.57754872162,106053.79982171499
2024-09-30,104298.86016296127,120184.36104041926,109772.29586049278,105103.71951753214
2024-10-01,104298.86016296127,120235.08573040902,109818.6260620996,105148.07931229367
2024-10-02,104298.86016296127,120015.27444029316,109617.85792751709,104955.84977441432
2024-10-03,104298.86016296127,121105.89397651506,110613.99261064049,104850.89392463991
2024-10-04,104298.86016296127,120011.04308263378,109613.99314976353,103799.09243172176
2024-10-07,104298.86016296127,121146.05317283707,110650.67265072238,104780.77723536793
2024-10-08,104298.86016296127,121985.16493793984,111417.0887146885,105506.53577749206
2024-10-09,104298.86016296127,121771.68778383237,111222.10596387734,105401.02924171457
2024-10-10,104298.86016296127,122500.88745363688,111888.13206912273,105401.02924171457
2024-10-11,104298.86016296127,123502.7387823767,112803.1888994342,106156.7694435932
2024-10-14,104298.86016296127,122543.16232878857,111926.7444980814,105331.96557809714
2024-10-15,104298.86016296127,123075.78447416176,112413.22339781189,105789.78090142016
2024-10-16,104298.86016296127,123086.34996782952,112422.8735593368,105683.99112051874
2024-10-17,104298.86016296127,123559.81050885553,112855.31626767137,105984.4217182796
2024-10-18,104298.86016296127,123356.8988484158,112669.98367838512,105878.43729656131
2024-10-21,104298.86016296127,123291.37730709891,112610.13853749984,105716.37731489887
2024-10-22,104298.86016296127,122164.8170317337,111581.17680918911,105610.66093758398
2024-10-23,104298.86016296127,122429.01887583094,111822.48976160708,105733.22258944428
2024-10-24,104298.86016296127,122386.74400067925,111783.87733264841,105696.71279115138
2024-10-25,104298.86016296127,122765.08929773413,112129.4450215407,105591.01607836023
2024-10-28,104298.86016296127,122963.76960051447,112310.91283307337,105591.01607836023
2024-10-29,104298.86016296127,122591.77133994865,111971.14231081142,105591.01607836023
2024-10-30,104298.86016296127,120188.59239807862,109776.16063824637,105591.01607836023
2024-10-31,104298.86016296127,120695.85219845692,110239.47443717344,105591.01607836023
2024-11-01,104298.86016296127,120435.88171201905,110002.02626250905,105591.01607836023
2024-11-04,104298.86016296127,121892.1653727984,111332.14608412303,105591.01607836023
2024-11-05,104298.86016296127,124923.08170401274,114100.48167586085,108108.37869140583
2024-11-06,104298.86016296127,125889.00519408993,114982.723243844,108000.27031271442
2024-11-07,104298.86016296127,126434.32141244122,115480.7964768352,108000.27031271442
2024-11-08,104298.86016296127,126554.79900140724,115590.83659708087,108000.27031271442
2024-11-11,104298.86016296127,126161.6697535059,115231.7657517691,108000.27031271442
2024-11-12,104298.86016296127,126222.95993716342,115287.74611490083,107944.68482938927
2024-11-13,104298.86016296127,125411.32619588522,114546.42754061488,107836.74014455988
2024-11-14,104298.86016296127,123804.98414396627,113079.24950305728,107836.74014455988
2024-11-15,104298.86016296127,124312.25684482524,113542.57508484337,108170.30673052846
2024-11-18,104298.86016296127,124766.67627638408,113957.62629328686,108062.13642379793
2024-11-19,104298.86016296127,124808.95115153577,113996.23872224553,108062.13642379793
2024-11-20,104298.86016296127,125478.9634160318,114608.20507037696,108062.13642379793
2024-11-21,104298.86016296127,125867.87420675442,114963.42292079417,108062.13642379793
2024-11-22,104298.86016296127,126294.82851496937,115353.38842241648,108062.13642379793
2024-11-25,104298.86016296127,126954.27528579763,115955.70460902299,108517.75505343276
2024-11-26,104298.86016296127,126569.59585273438,115604.35153635935,108188.93943539014
2024-11-27,104298.86016296127,127355.85434853703,116322.49322698289,108861.01610759449
2024-11-29,104298.86016296127,127584.12835397164,116530.99091707253,109056.13976570725
2024-12-02,104298.86016296127,127643.30285879946,116585.03889132747,108947.08362594155
2024-12-03,104298.86016296127,128435.90839109119,117308.97774858135,108947.08362594155
2024-12-04,104298.86016296127,128224.5469158134,117115.92738664699,108947.08362594155
2024-12-05,104298.86016296127,128467.61777257512,117337.94001601511,109044.45724871717
2024-12-06,104298.86016296127,127806.05532291718,116733.69144053181,108935.41279146845
2024-12-09,104298.86016296127,127408.69471735648,116370.75581746647,108488.12600054416
2024-12-10,104298.86016296127,128393.64641642016,117270.37710248168,109326.80945358101
2024-12-11,104298.86016296127,127732.08396676222,116666.1285269984,108763.49098811099
2024-12-12,104298.86016296127,127706.72162176734,116642.96342619498,108741.89502650431
2024-12-13,104298.86016296127,128252.02493963797,117141.02487632718,109206.21918576912
2024-12-16,104298.86016296127,127723.62125144347,116658.39897149125,108756.28501109473
2024-12-17,104298.86016296127,123917.01191809423,113181.57185065481,105514.96844390612
2024-12-18,104298.86016296127,123878.95550012123,113146.81241659069,105482.56351677504
2024-12-19,104298.86016296127,124946.34127065861,114121.72617064648,106391.43933739416
2024-12-20,104298.86016296127,125694.55624896895,114805.1202100649,107028.5421742335
2024-12-23,104298.86016296127,127091.65250443979,116081.18027456492,106921.51363205927
2024-12-24,104298.86016296127,127100.11521975853,116088.90983007207,106821.70463500224
2024-12-26,104298.86016296127,125762.19346911552,114866.89773982698,106714.88293036724
2024-12-27,104298.86016296127,124327.0407956717,113556.07824126285,106714.88293036724
2024-12-30,104298.86016296127,123874.73704294254,113142.95942169613,106714.88293036724
2024-12-31,104298.86016296127,123570.37600252328,112864.96642919628,106346.23108015307
2025-01-02,104298.86016296127,125115.42787078471,114276.16410362217,107675.922291982
2025-01-03,104298.86016296127,125836.16482527049,114934.46065336041,108296.19764590813
2025-01-06,104298.86016296127,124413.70622480476,113635.23548805698,107072.01175345774
2025-01-07,104298.86016296127,124595.4739974283,113801.25597143438,107228.44340136301
2025-01-08,104298.86016296127,122693.22071992818,112063.80271402505,107121.21495796165
2025-01-10,104298.86016296127,122883.45120787046,112237.55275290959,107121.21495796165
2025-01-13,104298.86016296127,123052.53780799656,112125.31520015668,107121.21495796165
2025-01-14,104298.86016296127,125290.86150739987,112125.31520015668,108960.67840076087
2025-01-15,104298.86016296127,125049.90632946782,112125.31520015668,108851.7177223601
2025-01-16,104298.86016296127,126305.39400863713,112125.31520015668,108851.7177223601
2025-01-17,104298.86016296127,127461.53508617592,112125.31520015668,108851.7177223601
2025-01-21,104298.86016296127,128178.053583483,112125.31520015668,108851.7177223601
2025-01-22,104298.86016296127,128877.65955063327,112125.31520015668,108851.7177223601
2025-01-23,104298.86016296127,128501.42993240808,112125.31520015668,108425.4154309364
2025-01-24,104298.86016296127,126683.72640521133,112125.31520015668,106891.69506556573
2025-01-27,104298.86016296127,127772.24316308423,112125.31520015668,107810.15085036115
2025-01-28,104298.86016296127,127199.44892090837,112125.31520015668,107326.84530506852
2025-01-29,104298.86016296127,127882.14235790183,112125.31520015668,107902.88029204824
2025-01-30,104298.86016296127,127201.56459973806,112125.31520015668,107328.63044750738
2025-01-31,104298.86016296127,126345.55320495914,112125.31520015668,106606.35528573417
2025-02-03,104298.86016296127,127193.11478489998,112125.31520015668,107321.50076276681
2025-02-04,104298.86016296127,127708.82440011635,112125.31520015668,107214.17926200404
2025-02-05,104298.86016296127,128152.69123848811,112125.31520015668,107479.22776844277
2025-02-06,104298.86016296127,126979.63763079251,112125.31520015668,106495.40999085525
2025-02-07,104298.86016296127,127841.98316157982,112773.89510894983,107218.64280651344
2025-02-10,104298.86016296127,127939.21408438064,112859.66591458124,107111.42416370692
2025-02-11,104298.86016296127,127527.05662749281,112496.0873728381,107111.42416370692
2025-02-12,104298.86016296127,128873.4281929739,113683.76893055714,107111.42416370692
2025-02-13,104298.86016296127,128867.0940569655,113678.18136712805,107111.42416370692
2025-02-14,104298.86016296127,129245.42645353971,114011.9216373619,107318.45963932999
2025-02-18,104298.86016296127,129549.78749395895,114280.40918111432,107211.14117969066
2025-02-19,104298.86016296127,129010.81831209673,113804.96557112693,106658.34291201894
2025-02-20,104298.86016296127,126804.20399417735,111858.43372391345,104834.04763450308
2025-02-21,104298.86016296127,126227.1912948228,111349.4305934528,104729.21358686857
2025-02-24,104298.86016296127,125599.44100499782,110795.67005572819,104729.21358686857
2025-02-25,104298.86016296127,125662.84686748502,110851.6025898503,104677.30153246559
2025-02-26,104298.86016296127,123657.02853117569,109082.19991732873,103006.45246256815
2025-02-27,104298.86016296127,125586.75983250038,110784.48354890377,104613.92094144493
2025-02-28,104298.86016296127,123386.49255107006,108843.55064508562,104509.30702050349
2025-03-03,104298.86016296127,121925.97753263134,107555.17914598051,104509.30702050349
2025-03-04,104298.86016296127,123236.42125944978,108711.1674976914,104509.30702050349
2025-03-05,104298.86016296127,121048.83515051691,106781.42110069765,104509.30702050349
2025-03-06,104778.55749432628,121727.297229851,107379.9162857537,104989.97225118973
2025-03-07,101987.71929047922,118485.01942335886,107272.53636946795,102193.50289155639
2025-03-10,101139.90766089372,117500.06772429516,107272.53636946795,102091.30938866483
2025-03-11,101676.61073218063,118123.58665646079,107272.53636946795,102530.42805115815
2025-03-12,100321.2114483714,116548.94108554511,107272.53636946795,101163.64696209092
2025-03-13,102393.42519353797,118956.35138507451,107272.53636946795,103253.2618772169
2025-03-14,103183.01709327518,119873.66586399161,107272.53636946795,104049.48428159097
2025-03-17,102067.77003098585,118578.0189885003,107272.53636946795,103945.43479730937
2025-03-18,103179.37489007277,119869.43450633225,107272.53636946795,103945.43479730937
2025-03-19,102881.00293870457,119522.79859076132,107272.53636946795,103945.43479730937
2025-03-20,102606.28309959592,119203.64069901494,107272.53636946795,103564.20476734274
2025-03-21,104443.8079280462,121338.39933960904,107272.53636946795,105418.88453791763
2025-03-24,104694.8756548953,121630.07920753084,107272.53636946795,105672.29620714876
2025-03-25,103445.00032545345,120178.02690441087,107272.53636946795,104410.75217064643
2025-03-26,103170.2804863448,119858.8690126645,107272.53636946795,104133.46757547712
2025-03-27,101092.6034363746,117445.11167664603,107272.53636946795,102036.3935470313
2025-03-28,101771.21918121885,118233.49875175905,107272.53636946795,102721.34477842104
2025-03-31,102058.66452297983,118567.44059435188,107272.53636946795,102618.62343364263
2025-04-01,102704.53375183656,119317.78415197258,107272.53636946795,102618.62343364263
2025-04-02,97643.17050101848,113437.70636168674,107272.53636946795,102618.62343364263
2025-04-03,91926.84916975476,106796.7259703528,107272.53636946795,102618.62343364263
2025-04-04,91763.1110376781,106606.50193265085,107272.53636946795,102333.40550122377
2025-04-07,90325.84546390004,104936.74756800436,107272.53636946795,102231.07209572254
2025-04-08,99811.80269254644,115957.13153486342,107272.53636946795,102231.07209572254
2025-04-09,95438.1495903006,110876.00631335836,107272.53636946795,102231.07209572254
2025-04-10,97141.0350473203,112854.34662584313,107272.53636946795,102231.07209572254
2025-04-11,98083.44402166597,113949.1975197244,107272.53636946795,102231.07209572254
2025-04-14,97808.72418255733,113630.03962797804,107272.53636946795,102231.07209572254
2025-04-15,95634.62868622575,111104.2674183123,107272.53636946795,99858.71782990637
2025-04-16,95771.07805497947,111262.78852477064,107272.53636946795,99758.85911207646
2025-04-17,93491.46970855856,108614.43594778985,107272.53636946795,99758.85911207646
2025-04-21,95923.90623386599,111440.33784021548,107272.53636946795,99758.85911207646
2025-04-22,97410.29158162534,113167.15748110044,107272.53636946795,99758.85911207646
2025-04-23,99460.67431613356,115549.20543563497,107272.53636946795,99758.85911207646
2025-04-24,100179.3098790921,116384.08584307838,107272.53636946795,99758.85911207646
2025-04-25,100217.50859560519,116428.46349657909,107272.53636946795,99697.10061175212
2025-04-28,100117.29108700958,117161.89452404297,107272.53636946795,100325.13386703076
2025-04-29,100117.29108700958,117208.38785637336,107272.53636946795,100364.94587083046
2025-04-30,100117.29108700958,118039.0369061574,107272.53636946795,101076.22642373244
2025-05-01,100117.29108700958,119791.23179251792,107272.53636946795,100975.15019730871
2025-05-02,100117.29108700958,119104.3069978651,107272.53636946795,100295.7272680617
2025-05-05,100117.29108700958,118108.78980513367,107272.53636946795,100195.43154079364
2025-05-06,100117.29108700958,118605.49701232486,107272.53636946795,100195.43154079364
2025-05-07,100117.29108700958,119431.91470444955,107272.53636946795,100195.43154079364
2025-05-08,100117.29108700958,119279.74063448026,107272.53636946795,100195.43154079364
2025-05-09,100117.29108700958,123221.62440812266,107272.53636946795,100195.43154079364
2025-05-12,100117.29108700958,124035.37382823056,107272.53636946795,100756.26002230961
2025-05-13,100117.29108700958,124193.8949346889,107272.53636946795,100885.02968960999
2025-05-14,100117.29108700958,124800.50133669771,107688.69644746577,101377.78744480197
2025-05-15,100117.29108700958,125590.99119015974,108370.7996518801,102019.91717571822
2025-05-16,100117.29108700958,125728.3684088019,108489.34063079202,101917.8972585425
2025-05-19,100117.29108700958,125305.64545824632,108124.57860647177,101917.8972585425
2025-05-20,100117.29108700958,123194.14638429809,106302.59407605663,101917.8972585425
2025-05-21,100117.29108700958,123242.76829593883,106344.5492783779,101917.8972585425
2025-05-22,100117.29108700958,122401.54085200638,105618.66528045615,101917.8972585425
2025-05-23,100117.29108700958,124946.34127065861,107814.5397911224,101917.8972585425
2025-05-27,100117.29108700958,124223.47573686249,107190.78871474418,101226.93240303379
2025-05-28,100117.29108700958,124713.83590756464,107613.91399875411,101626.51594035127
2025-05-29,100117.29108700958,124574.3430100928,107493.547428656,101512.84629764222
2025-05-30,100117.29108700958,125276.06465607273,108099.05372482607,102084.66357454585
2025-06-02,100117.29108700958,125990.46747455013,108715.50243645959,101982.57891097131
2025-06-03,100117.29108700958,125956.6424142365,108686.31524078797,101982.57891097131
2025-06-04,100117.29108700958,125347.92033339801,108161.05703523451,101982.57891097131
2025-06-05,100117.29108700958,126635.11739405125,109271.76229721727,101982.57891097131
2025-06-06,100117.29108700958,126749.24794652822,109370.24403638845,101982.57891097131
2025-06-09,100117.29108700958,127467.88212266497,109990.34393039433,101982.57891097131
2025-06-10,100117.29108700958,127104.33367693723,109676.64280101904,101982.57891097131
2025-06-11,100117.29108700958,127609.49069896652,110112.53609167862,101982.57891097131
2025-06-12,100117.29108700958,126182.80074084143,108881.46425959773,101982.57891097131
2025-06-13,100117.29108700958,127383.33237236159,109917.38707286885,101982.57891097131
2025-06-16,100117.29108700958,126294.82851496937,108978.13153923632,101982.57891097131
2025-06-17,100117.29108700958,126275.80030598288,108961.71235021434,101865.24649310437
2025-06-18,100117.29108700958,125607.90372031655,108385.3932497159,101326.46194241497
2025-06-20,100117.29108700958,126848.59454815873,109455.96890056357,102327.3130690254
2025-06-23,100117.29108700958,128249.92216128894,110665.15590171753,103457.74805643558
2025-06-24,100117.29108700958,128321.77783861422,110727.15921212597,103354.29030837915
2025-06-25,100117.29108700958,129325.74484618372,111593.46901988659,104058.75317123697
2025-06-26,100117.29108700958,129968.27908685517,112147.90328945809,104575.75241244466
2025-06-27,100117.29108700958,130589.68234019111,112684.10391047502,105075.74912876434
2025-06-30,100117.29108700958,130547.42036552008,112647.63661336586,105041.74407898828
2025-07-01,100117.29108700958,131139.22991620176,113158.3012210835,104936.70233490929
2025-07-02,100117.29108700958,132172.79062642553,114050.1470421434,104936.70233490929
2025-07-03,100117.29108700958,131187.83892736185,113200.24529175118,104936.70233490929
2025-07-07,100117.29108700958,131115.98325003657,113138.24198134276,104936.70233490929
2025-07-08,100117.29108700958,131902.24174583922,113816.69400338472,105460.4065069781
2025-07-09,100117.29108700958,132274.24000640505,114137.68636585111,105757.83198860679
2025-07-10,100117.29108700958,131809.24218069777,113736.44591276812,105386.05013657094
2025-07-11,100117.29108700958,132060.76285229757,113953.47976250481,105280.66408643436
2025-07-14,100117.29108700958,131496.43132544047,113466.52557690027,105280.66408643436
2025-07-15,100117.29108700958,131936.0539056722,113845.87006740276,105280.66408643436
2025-07-16,100117.29108700958,132743.45628929103,114542.56686965289,105280.66408643436
2025-07-17,100117.29108700958,132646.23826697087,114458.67872831752,105280.66408643436
2025-07-18,100117.29108700958,132897.75893857068,114675.71257805421,105280.66408643436
2025-07-21,100117.29108700958,132916.7742470765,114692.12063542263,105280.66408643436
2025-07-22,100117.29108700958,134047.5658801011,115667.86572947146,105280.66408643436
2025-07-23,100117.29108700958,134091.9435336018,115706.1586177668,105280.66408643436
2025-07-24,100117.29108700958,134658.3907392886,116194.93839455752,105280.66408643436
2025-07-25,100117.29108700958,134624.57857945564,116165.76233053948,105280.66408643436
2025-07-28,100117.29108700958,134269.49284904663,115859.36356590889,104897.97287638638
2025-07-29,100117.29108700958,134100.40624892054,115713.4609825115,104765.87405618952
2025-07-30,100117.29108700958,133597.36490572093,115279.39328303811,104661.10818213334
2025-07-31,100117.29108700958,131407.6502174777,113389.91753700245,104661.10818213334
2025-08-01,100117.29108700958,133405.01873894897,115113.42032824639,104661.10818213334
2025-08-04,100117.29108700958,132728.6594379639,114529.79886300325,104661.10818213334
2025-08-05,100117.29108700958,133745.32051851152,115407.06221788091,104661.10818213334
2025-08-06,100117.29108700958,133633.29274438357,115310.39493824233,104661.10818213334
2025-08-07,100117.29108700958,134675.3032694454,116209.53199239334,104661.10818213334
2025-08-08,100117.29108700958,134408.98574651848,115979.730136007,104661.10818213334
2025-08-11,100117.29108700958,135839.90706230293,117214.45315046023,104661.10818213334
2025-08-12,100117.29108700958,136304.9048880102,117615.69360354323,104661.10818213334
2025-08-13,100117.29108700958,136317.58606050766,117626.63601900669,104566.17451803808
2025-08-14,100117.29108700958,135998.42816876128,117351.23890958032,104321.35563023627
2025-08-15,100117.29108700958,135968.83446610702,117325.70289628104,104298.65496214341
2025-08-18,100117.29108700958,135231.18498146444,116689.19494490676,103732.8205238044
2025-08-19,100117.29108700958,134871.86789339606,116379.14499790383,103629.0877032806
2025-08-20,100117.29108700958,134330.78303270414,115912.25005204004,103629.0877032806
2025-08-21,100117.29108700958,136393.6730954923,117692.29051178749,103629.0877032806
2025-08-22,100117.29108700958,135793.40082949187,117174.32353932514,103629.0877032806
2025-08-25,100117.29108700958,136361.96371400837,117664.92890730203,103629.0877032806
2025-08-26,100117.29108700958,136672.67179091665,117933.03478363728,103629.0877032806
2025-08-27,100117.29108700958,137156.68492512975,118350.6832940887,103629.0877032806
2025-08-28,100117.29108700958,136338.71704784315,117644.86966756127,103629.0877032806
2025-08-29,100117.29108700958,135328.41590426528,116773.09421789572,103629.0877032806
2025-09-02,100117.29108700958,136061.8340312485,117405.95098689765,103629.0877032806
2025-09-03,100117.29108700958,137198.95980028145,118387.16172285144,103629.0877032806
2025-09-04,100117.29108700958,136801.59919472077,118044.2845294581,103225.62442597182
2025-09-05,100117.29108700958,137137.66961662393,118334.27523672029,103122.39880154585
2025-09-08,100117.29108700958,137454.7118295406,118607.84675496048,103122.39880154585
2025-09-09,100117.29108700958,137852.07243510132,118950.72394835381,103122.39880154585
2025-09-10,100117.29108700958,138997.64801897237,119939.22591739871,103875.38516941234
2025-09-11,100117.29108700958,138951.14178616132,119899.09630626363,103840.63024431196
2025-09-12,100117.29108700958,139690.9069496336,120537.42984882409,104393.469751928
2025-09-15,100117.29108700958,139498.57368334229,120371.46802568594,104289.07628217607
2025-09-16,100117.29108700958,139325.2557255568,120221.9142599162,104289.07628217607
2025-09-17,100117.29108700958,139976.252681547,120783.6508942324,104289.07628217607
2025-09-18,100117.29108700958,140280.61372196625,121046.27999700913,104289.07628217607
2025-09-19,100117.29108700958,140944.29185045385,121618.9590467888,104289.07628217607
2025-09-22,100117.29108700958,140177.04866315704,120956.91508211524,104289.07628217607
2025-09-23,100117.29108700958,139731.06614595558,120572.08268640065,104289.07628217607
2025-09-24,100117.29108700958,139086.41622645446,120015.82282564297,104289.07628217607
2025-09-25,100117.29108700958,139883.25311640554,120703.40280361581,104781.66995023174
2025-09-26,100117.29108700958,140276.38236430686,121042.62881463679,105076.14936920193
2025-09-29,100117.29108700958,140804.78605250135,121498.58134503712,105471.9581570545
2025-09-30,100117.29108700958,141284.58072953575,121912.58980476976,105366.48619889744
2025-10-01,100117.29108700958,141447.3202931728,122053.01561460862,105366.48619889744
2025-10-02,100117.29108700958,141445.21751482377,122051.20115507602,105259.55488415979
2025-10-03,100117.29108700958,141952.47731520206,122488.9089052682,105154.29532927563
2025-10-06,100117.29108700958,141426.18930583727,122034.78196605404,105154.29532927563
2025-10-07,100117.29108700958,142269.51952811875,122762.48042350839,105154.29532927563
2025-10-08,100117.29108700958,141857.36207123092,122406.83522346542,104744.81170915205
2025-10-09,100117.29108700958,138023.2747140571,119098.45212293738,101913.79361858615
2025-10-10,100117.29108700958,140141.10792401372,120925.90229525745,103477.56188249131
2025-10-13,100117.29108700958,139969.90564505794,120778.17412067388,103351.14933532722
2025-10-14,100117.29108700958,140591.30889839388,121314.37474169082,103247.7981859919
2025-10-15,100117.29108700958,139633.84812363543,120488.19454506529,102442.11108412326
2025-10-16,100117.29108700958,140426.45365592715,121172.12334066577,103023.60464801206
2025-10-17,100117.29108700958,141886.9557738852,122432.3712367647,102920.58104336404
2025-10-20,100117.29108700958,141884.8400950555,122430.54564557852,102920.58104336404
2025-10-21,100117.29108700958,141147.19061041292,121794.03769420423,102283.11854648685
2025-10-22,100117.29108700958,141984.186696686,122516.27050975364,102889.652545109
2025-10-23,100117.29108700958,143144.5591318842,123517.54048544819,103730.52306356687
2025-10-24,100117.29108700958,144833.33525527682,124974.76299154306,104954.3043353048
2025-10-27,100117.29108700958,145218.01468834007,125306.69776947291,105233.06448550153
2025-10-28,100117.29108700958,145287.76758731634,125366.88662034877,105283.61132248848
2025-10-29,100117.29108700958,143689.87535023547,123988.08661368433,105178.32771116598
2025-10-30,100117.29108700958,144161.20731195112,124394.79270867226,105178.32771116598
2025-10-31,100117.29108700958,144431.75619253743,124628.24574743095,105178.32771116598
2025-11-03,100117.29108700958,142719.7205024989,123150.95286994176,105178.32771116598
2025-11-04,100117.29108700958,143214.31203086043,123577.72933632403,105178.32771116598
2025-11-05,100117.29108700958,141677.70997743707,122251.81581579075,103945.77869813195
2025-11-06,100117.29108700958,141817.20287490892,122372.18238588885,104048.12152858057
2025-11-07,100117.29108700958,144030.16422931734,124281.71737166528,103944.07340705198
2025-11-10,100117.29108700958,144359.88761473147,124566.23130536893,103944.07340705198
2025-11-11,100117.29108700958,144440.2060073755,124635.53698052207,103897.9035008172
2025-11-12,100117.29108700958,142043.36120151385,122567.33140469862,102173.81879317609
2025-11-13,100117.29108700958,142020.11453534864,122547.27216495786,102071.64497438291
2025-11-14,100117.29108700958,140696.98963603275,121405.56524777088,102071.64497438291
2025-11-17,100117.29108700958,139515.4862134991,120386.06162352175,102071.64497438291
2025-11-18,100117.29108700958,140054.45539536132,120851.13097819936,102363.49703640184
2025-11-19,100117.29108700958,137919.7096552479,119009.08720804348,100803.24649938957
2025-11-20,100117.29108700958,139293.55924455353,120194.56378708433,101807.37055932297
2025-11-21,100117.29108700958,141343.75523436358,121963.65069971474,101705.56318876364
2025-11-24,100117.29108700958,142673.2271701685,123110.83439046024,101705.56318876364
2025-11-25,100117.29108700958,143658.16596875153,123960.72500919887,101705.56318876364
2025-11-26,100117.29108700958,144442.32168620516,124637.36257170825,102158.46059809069
2025-11-28,100117.29108700958,143782.87491537692,124068.33470430093,101692.05943416763
2025-12-01,100117.29108700958,144049.19243830384,124298.13656068726,101880.41550498472
2025-12-02,100117.29108700958,144548.00242384407,124728.55307778831,101778.53508947973
2025-12-03,100117.29108700958,144653.68316148297,124819.74358386837,101778.53508947973
2025-12-04,100117.29108700958,144928.45049924796,125056.83667334582,101778.53508947973
2025-12-05,100117.29108700958,144493.04637619495,124681.13223356211,101371.29217614059
2025-12-08,100117.29108700958,144368.33742956954,124573.52253846005,101283.80071975294
2025-12-09,100117.29108700958,145325.81110480867,125399.71386673916,101955.53092489323
2025-12-10,100117.29108700958,145663.98430506088,125691.51903353394,102192.78147188255
2025-12-11,100117.29108700958,144097.80144946394,124340.08063135494,102090.58869041067
2025-12-12,100117.29108700958,143880.09293769707,124152.2228456363,101834.40994828755
2025-12-15,100117.29108700958,143486.96368979575,123812.9968346153,101732.57553833925
2025-12-16,100117.29108700958,141908.09966170136,122450.61601697285,101732.57553833925
2025-12-17,100117.29108700958,142979.69098893678,123375.27795276957,101732.57553833925
2025-12-18,100117.29108700958,143850.5121355235,124126.69796399059,102249.82798497647
2025-12-19,100117.29108700958,144746.68272662442,124899.99167448498,102886.83154808465
2025-12-22,100117.29108700958,145408.24517628236,125470.84513307847,103357.07420259196
2025-12-23,100117.29108700958,145919.73633432004,125912.20406564297,103720.64526082994
2025-12-24,100117.29108700958,145904.9394829929,125899.43605899335,103710.1275679802
2025-12-26,100117.29108700958,145384.9856096365,125450.77476168414,103606.41744041223
2025-12-29,100117.29108700958,145207.4491946723,125297.58094519563,103376.41889292705
2025-12-30,100117.29108700958,144131.61360929688,124369.256695373,102610.50756571552
2025-12-31,100117.29108700958,144395.8154533941,124597.23296057315,102798.5987460176
2026-01-02,100117.29108700958,145357.50758581192,125427.06433957104,102695.80014727158
2026-01-05,100117.29108700958,146221.9816959096,126173.00757723354,102695.80014727158
2026-01-06,100117.29108700958,145750.64973419392,125766.30148224559,102695.80014727158
2026-01-07,100117.29108700958,145735.8528828668,125753.53347559595,102582.68892245911
2026-01-08,100117.29108700958,146699.6606941143,126585.19044578001,103261.10809609722
2026-01-09,100117.29108700958,146930.03747789792,126783.97951530854,103423.26908447682
2026-01-12,100117.29108700958,146636.2548316271,126530.47836846267,103216.47704794591
2026-01-13,100117.29108700958,145915.50497666065,125908.55288327063,102709.14507231768
2026-01-14,100117.29108700958,146312.86558222136,126251.43007666396,102606.43592724536
2026-01-15,100117.29108700958,146190.27231442565,126145.64597274808,102606.43592724536
2026-01-16,100117.29108700958,143214.31203086043,123577.72933632403,102606.43592724536
2026-01-20,100117.29108700958,144867.16031559044,125003.95018721468,102606.43592724536
2026-01-21,100117.29108700958,145623.82510873885,125656.86619595737,102606.43592724536
2026-01-22,100117.29108700958,145676.6654775583,125702.4614489974,102606.43592724536
2026-01-23,100117.29108700958,146416.43064103057,126340.79499155786,102606.43592724536
2026-01-26,100117.29108700958,146999.79037687418,126844.16836618439,102606.43592724536
2026-01-27,100117.29108700958,146984.99352554706,126831.40035953475,102493.5115587445
2026-01-28,100117.29108700958,146693.31365762526,126579.71367222148,102290.12144933786
2026-01-29,100117.29108700958,146255.79385574255,126202.18364125158,101985.03628522789
2026-01-30,100117.29108700958,146982.87784671737,126829.57476834858,102492.03628329371
2026-02-02,100117.29108700958,145740.08424052616,125757.1846579683,101625.42889851227
2026-02-03,100117.29108700958,145034.13123688687,125148.02717942589,101523.80346961376
2026-02-04,100117.29108700958,143222.7618456985,123585.02056941515,101523.80346961376
2026-02-05,100117.29108700958,145970.4610243098,125955.97372749684,101523.80346961376
2026-02-06,100117.29108700958,146674.29834911943,126563.30561485307,101523.80346961376
2026-02-09,100117.29108700958,146287.50323722648,126229.54524573704,101523.80346961376
2026-02-10,100117.29108700958,146253.69107739354,126200.36918171898,101523.80346961376
2026-02-11,100117.29108700958,143994.23639065473,124250.71571646105,101523.80346961376
2026-02-12,100117.29108700958,144095.68577063424,124338.25504016878,101493.73549414221
2026-02-13,100117.29108700958,144328.17823324754,124538.86970088349,101657.49146212042
2026-02-17,100117.29108700958,145055.26222422236,125166.26082798047,102169.61276448536
2026-02-18,100117.29108700958,144672.6984699888,124836.15164123678,101900.15414555326
2026-02-19,100117.29108700958,145718.94035271,125738.93987776015,102637.07417435151
2026-02-20,100117.29108700958,144230.96021092738,124454.98155954812,101589.01598910501
2026-02-23,100117.29108700958,145279.3048719976,125359.58425560407,102327.41710894645
2026-02-24,100117.29108700958,146505.21174899332,126417.40303145569,103190.8841006807
2026-02-25,100117.29108700958,145691.46232888542,125715.22945564704,102617.72003986068
2026-02-26,100117.29108700958,144991.85636173518,125111.54875066315,102124.95287198658
2026-02-27,100117.29108700958,145074.29043320887,124986.43720191249,102022.82791911458
2026-03-02,100117.29108700958,143795.55608787437,124986.43720191249,102022.82791911458
2026-03-03,100117.29108700958,144810.08858911163,124986.43720191249,102022.82791911458
2026-03-04,100117.29108700958,144002.6862054928,124986.43720191249,102022.82791911458
2026-03-05,100117.29108700958,142115.22977931978,124986.43720191249,102022.82791911458
2026-03-06,100117.29108700958,143360.15196482133,124986.43720191249,102022.82791911458
2026-03-09,100117.29108700958,143129.76228055704,124986.43720191249,101757.01130482528
2026-03-10,100117.29108700958,142950.1101867632,124986.43720191249,101629.28902087931
2026-03-11,100117.29108700958,140779.42370750647,124986.43720191249,100086.05604760018
2026-03-12,100117.29108700958,139982.5868175554,124986.43720191249,99985.96999155259
2026-03-13,100117.29108700958,141407.17399733144,124986.43720191249,99985.96999155259
2026-03-16,100117.29108700958,141779.15935741662,124986.43720191249,100148.74384260392
2026-03-17,100117.29108700958,139800.81904493185,124986.43720191249,100048.59509876132
2026-03-18,99770.69497963403,139456.2988081906,124986.43720191249,100048.59509876132
2026-03-19,98072.5698254904,137082.7135689748,124986.43720191249,100048.59509876132
2026-03-20,99102.33369605856,138522.08469959733,124986.43720191249,100998.00816545456
2026-03-23,98769.66205174192,138057.08687389005,124986.43720191249,100897.01015728911
2026-03-24,99320.08156967106,138826.44574001658,124986.43720191249,100897.01015728911
2026-03-25,97546.34964315283,136347.1797631619,124986.43720191249,100897.01015728911
2026-03-26,95883.00065091197,134022.2035351062,124986.43720191249,100897.01015728911
2026-03-27,95562.41944504878,133574.10533907506,124986.43720191249,100459.10513445317
2026-03-30,98340.22075308597,137456.8275083703,124986.43720191249,103379.24293828092
2026-03-31,99081.16158475152,138492.4909969431,124986.43720191249,104158.15010010198
2026-04-01,99170.38163706416,138617.19994356847,124986.43720191249,104251.9418507444
2026-04-02,99639.13993404964,139272.41535673736,124986.43720191249,104147.68990889366
2026-04-06,99682.98853946367,139333.70554039488,124986.43720191249,104147.68990889366
2026-04-07,102221.86986258133,142882.47296661662,124986.43720191249,104147.68990889366
2026-04-08,102119.64799271875,143706.7749799116,124986.43720191249,104147.68990889366
2026-04-09,102119.64799271875,143611.67263642114,124986.43720191249,103974.68823007953
2026-04-10,102119.64799271875,145015.10302790036,124986.43720191249,104990.77024296783
2026-04-13,102119.64799271875,146782.094765588,124986.43720191249,104885.77947272487
2026-04-14,102119.64799271875,147940.3515219565,124986.43720191249,105607.71918754934
2026-04-15,102119.64799271875,148303.88706720356,124986.43720191249,105867.23026334564
2026-04-16,102119.64799271875,150096.2411498861,124986.43720191249,107146.70827391736
2026-04-17,102119.64799271875,149796.09856664555,124986.43720191249,106932.45047798136
2026-04-20,102119.64799271875,148815.39112572192,124986.43720191249,106232.36916168928
2026-04-21,102119.64799271875,150322.399476491,124986.43720191249,106126.13679252758
2026-04-22,102119.64799271875,149739.0397406474,124986.43720191249,105608.57626122261
2026-04-23,102119.64799271875,150899.41217584556,125829.03935040721,105502.96768496139
2026-04-24,102119.64799271875,151159.38266228343,126045.81843586723,105502.96768496139
2026-04-27,102119.64799271875,150423.84885647055,125432.48594596109,105502.96768496139
2026-04-28,102119.64799271875,150400.60219030533,125413.1014723605,105502.96768496139
2026-04-29,102119.64799271875,151897.032146926,126660.91510650063,105502.96768496139
2026-04-30,102119.64799271875,152317.65231913258,127011.65359803617,105502.96768496139
2026-05-01,102119.64799271875,151759.65492828385,126546.36168842482,105011.3537877888
2026-05-04,102119.64799271875,152977.09908996083,127561.54012495883,104906.34243400101
2026-05-05,102119.64799271875,155103.3950152362,129334.57402743887,104906.34243400101
2026-05-06,102119.64799271875,154627.83169586115,128938.02062299274,104906.34243400101
2026-05-07,102119.64799271875,155904.45036236598,130002.54233389185,104906.34243400101
2026-05-08,102119.64799271875,156259.536092775,130298.634251681,104906.34243400101
2026-05-11,102119.64799271875,156022.8122725023,130101.23963982156,104906.34243400101
2026-05-12,102119.64799271875,156895.73619743806,130829.13630500308,104906.34243400101
2026-05-13,102119.64799271875,158134.31134645056,131861.93503441045,104906.34243400101
2026-05-14,102119.64799271875,156232.05806895043,130275.72141662592,104906.34243400101
2026-05-15,102119.64799271875,156122.15887413285,130184.08083360519,104906.34243400101
2026-05-18,102119.64799271875,155082.25112742002,129316.94297736598,104906.34243400101
2026-05-19,102119.64799271875,156671.69354966283,130642.31602030755,105875.54900406943
2026-05-20,102119.64799271875,156982.38872609046,130901.39241442324,105769.67345506536
2026-05-21,102119.64799271875,157599.5735222477,131416.03835559922,106079.32716410462
2026-05-22,102119.64799271875,158645.8154049689,132288.45799682062,106783.54629674272
2026-05-26,102119.64799271875,158618.33738114432,132265.54516176553,106765.05100380527
2026-05-27,102119.64799271875,159493.36408442908,132995.19525047476,106658.28595280147
2026-05-28,102119.64799271875,159890.72468998976,133326.53851121015,106658.28595280147
2026-05-29,102119.64799271875,160326.1288130428,133689.6047534373,106658.28595280147
2026-06-01,102119.64799271875,160543.83732480963,133871.14325315063,106658.28595280147
2026-06-02,102119.64799271875,159417.2770494444,132931.7492874913,105803.93885483827
2026-06-03,102119.64799271875,160019.66499427453,133434.0567207761,106203.73879159123
2026-06-04,102119.64799271875,155889.65351103886,129990.20382600068,103462.68405442797
2026-06-05,102119.64799271875,156242.6235626182,130284.5315630626,103359.22137037355
2026-06-08,102119.64799271875,155783.97277339996,129902.08084723487,103359.22137037355
2026-06-09,102119.64799271875,153327.9534627105,127854.1036812935,103359.22137037355
2026-06-10,102119.64799271875,155934.04406502025,130027.21934967417,105010.88545625258
2026-06-11,102119.64799271875,156777.3742873017,130730.43899907336,104905.87457079632
2026-06-12,102119.64799271875,159541.98599606982,133035.73913560272,106649.02863768667
2026-06-15,102119.64799271875,158590.85935731974,132242.63232671047,106542.37960904898
2026-06-16,102119.64799271875,156610.4033660053,130591.20856521523,105106.68438679921
2026-06-17,102119.64799271875,157832.065984861,131609.9046060042,105926.58462680515
