Date,PredictedReturn
2015-06-09,-0.0035595545
2015-06-10,-0.007888277
2015-06-11,-0.0035143595
2015-06-12,-0.0031928585
2015-06-15,0.0010663129
2015-06-16,0.0029465249
2015-06-17,0.0013741533
2015-06-18,-0.0013845355
2015-06-19,0.001044613
2015-06-22,-0.0035347475
2015-06-23,0.0035298003
2015-06-24,-0.0036011466
2015-06-25,-0.0002909102
2015-06-26,0.00022587836
2015-06-29,0.0065448186
2015-06-30,-0.0032100163
2015-07-01,-0.003683876
2015-07-02,-0.0028235863
2015-07-06,-0.0001502849
2015-07-07,0.00085602375
2015-07-08,0.0024913314
2015-07-09,0.004077649
2015-07-10,0.0024990055
2015-07-13,-0.008492243
2015-07-14,-0.005246784
2015-07-15,-0.0011976784
2015-07-16,0.001954462
2015-07-17,0.0012524157
2015-07-20,-0.002778508
2015-07-21,-0.0024552417
2015-07-22,-0.00061433646
2015-07-23,-0.0023916909
2015-07-24,0.007858643
2015-07-27,-0.0012843681
2015-07-28,-0.002468756
2015-07-29,0.0016395397
2015-07-30,0.0015544683
2015-07-31,0.0032727022
2015-08-03,-0.0006068895
2015-08-04,0.0011722114
2015-08-05,-0.0021589075
2015-08-06,-0.0014481018
2015-08-07,0.00030847776
2015-08-10,0.0023668986
2015-08-11,-0.0035706458
2015-08-12,0.0022765482
2015-08-13,0.003177464
2015-08-14,-0.00073772913
2015-08-17,0.0007860896
2015-08-18,0.0034533204
2015-08-19,-0.0035047897
2015-08-20,0.001973835
2015-08-21,0.0008362523
2015-08-24,0.0066460683
2015-08-25,0.004410276
2015-08-26,-0.0104729775
2015-08-27,0.01825687
2015-08-28,-0.0056261043
2015-08-31,0.0015005595
2015-09-01,-0.0007922603
2015-09-02,0.0028905883
2015-09-03,0.0009312894
2015-09-04,0.0029573163
2015-09-08,0.0042071226
2015-09-09,0.0011191659
2015-09-10,-0.0016033999
2015-09-11,-0.0034007693
2015-09-14,-0.001048132
2015-09-15,-0.0067868778
2015-09-16,-0.0012382045
2015-09-17,1.0390003e-05
2015-09-18,-0.006201962
2015-09-21,-0.00095089764
2015-09-22,-0.004559538
2015-09-23,0.0037934957
2015-09-24,0.0063697733
2015-09-25,-0.0023100628
2015-09-28,-0.009926532
2015-09-29,0.003792067
2015-09-30,-0.00042393044
2015-10-01,0.0036780566
2015-10-02,0.003301141
2015-10-05,0.0074143554
2015-10-06,0.0023983277
2015-10-07,0.00074224087
2015-10-08,-0.001639935
2015-10-09,0.0005243906
2015-10-12,0.005990165
2015-10-13,0.00030228024
2015-10-14,-0.0033011325
2015-10-15,0.0026886687
2015-10-16,-0.0024226997
2015-10-19,-0.00329703
2015-10-20,-0.0023267944
2015-10-21,0.003276047
2015-10-22,-0.006697855
2015-10-23,0.0034608208
2015-10-26,-0.0014422872
2015-10-27,-0.0033218516
2015-10-28,-0.00053907814
2015-10-29,0.0034404064
2015-10-30,0.0007013334
2015-11-02,-0.0038321398
2015-11-03,0.0002699576
2015-11-04,0.010422994
2015-11-05,-0.009392052
2015-11-06,-0.0052689463
2015-11-09,0.00046602078
2015-11-10,-0.0020053866
2015-11-11,0.0017467472
2015-11-12,0.0013292965
2015-11-13,0.0017304193
2015-11-16,-0.0019398892
2015-11-17,0.000118300726
2015-11-18,0.0038686108
2015-11-19,0.0023819953
2015-11-20,0.0066138916
2015-11-23,0.001534491
2015-11-24,0.008213433
2015-11-25,0.0027612634
2015-11-27,0.0027843867
2015-11-30,0.0009584178
2015-12-01,2.5566513e-05
2015-12-02,-0.002983414
2015-12-03,-0.009611308
2015-12-04,0.00093778735
2015-12-07,0.000850054
2015-12-08,0.001321347
2015-12-09,0.0024770454
2015-12-10,0.00036236568
2015-12-11,-0.001867365
2015-12-14,0.0010815015
2015-12-15,-0.0013343905
2015-12-16,-0.00021447243
2015-12-17,0.0015682603
2015-12-18,-0.003568216
2015-12-21,-0.0072919414
2015-12-22,-0.003909624
2015-12-23,-6.288085e-05
2015-12-24,-0.004585575
2015-12-28,-0.008590458
2015-12-29,-0.0035256338
2015-12-30,-0.0031358579
2015-12-31,0.0074324007
2016-01-04,0.003064738
2016-01-05,-0.0023674767
2016-01-06,0.0025772327
2016-01-07,0.007157752
2016-01-08,0.001932234
2016-01-11,-0.0035639054
2016-01-12,0.0033198858
2016-01-13,0.0038762318
2016-01-14,0.010238169
2016-01-15,-0.008849951
2016-01-19,-0.0033050703
2016-01-20,-4.4054465e-05
2016-01-21,-0.0073042596
2016-01-22,-0.0050686696
2016-01-25,0.00069211016
2016-01-26,0.0013516303
2016-01-27,0.0067007923
2016-01-28,0.01169741
2016-01-29,0.009201904
2016-02-01,0.00812171
2016-02-02,0.0016167929
2016-02-03,0.001800904
2016-02-04,-0.0012965192
2016-02-05,0.00076030096
2016-02-08,-0.011266092
2016-02-09,0.002632497
2016-02-10,0.0018591064
2016-02-11,-0.010545303
2016-02-12,-0.00085111713
2016-02-16,-0.0072288294
2016-02-17,0.0018801347
2016-02-18,0.00083121436
2016-02-19,0.0036137898
2016-02-22,0.0029559496
2016-02-23,0.006810678
2016-02-24,0.0008586623
2016-02-25,0.0024494906
2016-02-26,0.0072929957
2016-02-29,0.010066496
2016-03-01,0.004119126
2016-03-02,0.0026729717
2016-03-03,0.0015113672
2016-03-04,0.0047410885
2016-03-07,0.006965992
2016-03-08,0.0030462972
2016-03-09,0.0011514883
2016-03-10,-0.0070206183
2016-03-11,0.0018928244
2016-03-14,0.00649399
2016-03-15,-0.010045501
2016-03-16,-0.0018105085
2016-03-17,-0.0042182948
2016-03-18,0.0007297909
2016-03-21,-0.00058844785
2016-03-22,-0.00017566704
2016-03-23,-0.00078272534
2016-03-24,-0.007556977
2016-03-28,-0.0049796775
2016-03-29,-0.0037169494
2016-03-30,0.0059887893
2016-03-31,-0.005090891
2016-04-01,0.0059314007
2016-04-04,-0.0005711411
2016-04-05,0.010385602
2016-04-06,0.00070616807
2016-04-07,-0.0002342499
2016-04-08,-0.002003341
2016-04-11,0.005163322
2016-04-12,0.004068788
2016-04-13,-0.0008004262
2016-04-14,0.0008391197
2016-04-15,0.0038210128
2016-04-18,0.0021806709
2016-04-19,-0.0028028484
2016-04-20,-0.0018711444
2016-04-21,-0.0018733034
2016-04-22,-0.00013085012
2016-04-25,0.0032280374
2016-04-26,0.0030106383
2016-04-27,0.0022607935
2016-04-28,-0.0012696901
2016-04-29,0.0018413637
2016-05-02,-0.0011655581
2016-05-03,0.0019686325
2016-05-04,0.0020150295
2016-05-05,-0.0033921902
2016-05-06,0.0018583206
2016-05-09,0.0029309562
2016-05-10,-0.00046878046
2016-05-11,0.003138212
2016-05-12,-0.0032511356
2016-05-13,-0.0007395401
2016-05-16,-0.002073197
2016-05-17,0.00085221283
2016-05-18,0.001587611
2016-05-19,0.0023005502
2016-05-20,0.00046743918
2016-05-23,0.0026579634
2016-05-24,-0.0017866885
2016-05-25,0.0031748314
2016-05-26,0.00013171221
2016-05-27,-0.003304692
2016-05-31,-0.00064317574
2016-06-01,-0.001904972
2016-06-02,0.0032397886
2016-06-03,-6.160696e-05
2016-06-06,0.0029892353
2016-06-07,0.0021465241
2016-06-08,-0.00031448755
2016-06-09,0.0018518765
2016-06-10,-0.0024710274
2016-06-13,-0.0016964377
2016-06-14,0.0005655668
2016-06-15,0.0022103393
2016-06-16,-0.00046566513
2016-06-17,0.0013932548
2016-06-20,0.0026824928
2016-06-21,0.00026192644
2016-06-22,0.002135937
2016-06-23,-0.0031426693
2016-06-24,-0.0036587608
2016-06-27,0.006291575
2016-06-28,-0.0042919097
2016-06-29,0.008682137
2016-06-30,0.0026133263
2016-07-01,0.000991327
2016-07-05,0.001251761
2016-07-06,0.00300074
2016-07-07,-0.0033611865
2016-07-08,-0.003276424
2016-07-11,0.00079811906
2016-07-12,0.0012529315
2016-07-13,0.0018481367
2016-07-14,-0.0032188054
2016-07-15,-0.0014220233
2016-07-18,-0.00703973
2016-07-19,-0.0019167535
2016-07-20,-0.0053814487
2016-07-21,-0.0010247313
2016-07-22,0.0021982095
2016-07-25,-0.0014178384
2016-07-26,-0.0010503397
2016-07-27,0.00069112756
2016-07-28,0.00038025546
2016-07-29,-0.0002713439
2016-08-01,0.0015087872
2016-08-02,0.0015985803
2016-08-03,-0.0005061559
2016-08-04,-0.00093910546
2016-08-05,-0.0010435255
2016-08-08,0.000459968
2016-08-09,0.0009235841
2016-08-10,-0.0028557999
2016-08-11,0.0007151009
2016-08-12,0.0026539788
2016-08-15,0.0009418258
2016-08-16,-2.5832689e-05
2016-08-17,-0.0008724
2016-08-18,-0.0022503333
2016-08-19,-6.444524e-05
2016-08-22,0.00070062093
2016-08-23,-0.0006280653
2016-08-24,-0.0020408323
2016-08-25,-0.0007735232
2016-08-26,0.001610568
2016-08-29,-0.0026691002
2016-08-30,-0.00050403
2016-08-31,0.0027920397
2016-09-01,0.0031381627
2016-09-02,-0.0008744264
2016-09-06,-0.0031902525
2016-09-07,-0.0022802837
2016-09-08,0.00081653486
2016-09-09,0.0036590903
2016-09-12,-0.0026449321
2016-09-13,-0.0023514694
2016-09-14,-0.0015668983
2016-09-15,-0.010921361
2016-09-16,-0.0016600379
2016-09-19,-0.0016462847
2016-09-20,-0.0009062185
2016-09-21,-0.0034491706
2016-09-22,-0.0013304192
2016-09-23,-0.0024401064
2016-09-26,-0.0013200447
2016-09-27,0.00030599686
2016-09-28,-0.00400346
2016-09-29,-0.0019146696
2016-09-30,-0.00887373
2016-10-03,0.0011152395
2016-10-04,-0.0010556341
2016-10-05,0.0019627037
2016-10-06,0.0013323332
2016-10-07,0.0010011452
2016-10-10,-0.00048551976
2016-10-11,-0.0028159735
2016-10-12,0.0031180165
2016-10-13,-0.0013541003
2016-10-14,-0.0021114722
2016-10-17,0.0009907652
2016-10-18,0.0019578459
2016-10-19,-0.0008975256
2016-10-20,0.0007673627
2016-10-21,8.450166e-05
2016-10-24,0.003053746
2016-10-25,-0.0011877447
2016-10-26,0.00068191235
2016-10-27,0.0031248415
2016-10-28,-0.0016523774
2016-10-31,-0.0021331436
2016-11-01,-0.0028937538
2016-11-02,0.0024898292
2016-11-03,-0.0011572357
2016-11-04,-0.0008368738
2016-11-07,-0.0005925264
2016-11-08,-0.0017737425
2016-11-09,-0.0014336407
2016-11-10,-0.00039638244
2016-11-11,-0.0019190878
2016-11-14,-0.0028532294
2016-11-15,-0.003370663
2016-11-16,-0.001580227
2016-11-17,0.0005997187
2016-11-18,0.0029058042
2016-11-21,0.0027725045
2016-11-22,0.000989836
2016-11-23,0.0006548074
2016-11-25,-0.0027295956
2016-11-28,0.0022142823
2016-11-29,0.00046022955
2016-11-30,0.0029710256
2016-12-01,-0.0004763116
2016-12-02,-0.00088616007
2016-12-05,0.0008886691
2016-12-06,-0.0018578969
2016-12-07,0.00020761736
2016-12-08,-0.0013109072
2016-12-09,0.004048419
2016-12-12,0.0026943143
2016-12-13,-0.0028523807
2016-12-14,-0.0006271586
2016-12-15,0.0031306723
2016-12-16,-0.0025177274
2016-12-19,0.0031078458
2016-12-20,0.00018514087
2016-12-21,-0.0033086503
2016-12-22,-0.0009158794
2016-12-23,-0.001534735
2016-12-27,-0.0032466485
2016-12-28,-0.001411234
2016-12-29,-0.0004514724
2016-12-30,-0.0033501347
2017-01-03,-0.0030825138
2017-01-04,-0.0010220789
2017-01-05,0.00055144617
2017-01-06,-0.0019707282
2017-01-09,0.0023046525
2017-01-10,0.0033279469
2017-01-11,0.0015610191
2017-01-12,-0.00197139
2017-01-13,-0.0032520944
2017-01-17,0.0011773378
2017-01-18,-5.935282e-05
2017-01-19,0.0009743849
2017-01-20,0.0017787787
2017-01-23,-0.0018820636
2017-01-24,-6.436044e-05
2017-01-25,-0.00033319817
2017-01-26,0.0019744006
2017-01-27,-0.002340765
2017-01-30,-0.0020510682
2017-01-31,-0.0006354867
2017-02-01,0.0003751348
2017-02-02,0.0011495173
2017-02-03,0.002656815
2017-02-06,-0.001622592
2017-02-07,-0.0007345467
2017-02-08,-0.0011294992
2017-02-09,0.0011751782
2017-02-10,-0.0016575669
2017-02-13,0.0011031271
2017-02-14,0.0018264189
2017-02-15,0.0013217962
2017-02-16,0.0104399705
2017-02-17,0.0028974758
2017-02-21,-0.0018723615
2017-02-22,0.00015886499
2017-02-23,0.0005770125
2017-02-24,0.0005008059
2017-02-27,0.00012503828
2017-02-28,-0.0030580815
2017-03-01,-0.0014015966
2017-03-02,0.0062900637
2017-03-03,-0.000107775355
2017-03-06,0.0005119214
2017-03-07,0.00086466473
2017-03-08,0.003557331
2017-03-09,0.003039067
2017-03-10,0.00036566143
2017-03-13,0.0005890235
2017-03-14,-0.0018953362
2017-03-15,-0.0025147786
2017-03-16,0.0004220353
2017-03-17,0.00023329473
2017-03-20,0.0020808845
2017-03-21,0.0011871865
2017-03-22,-0.0005226728
2017-03-23,-0.0061102314
2017-03-24,-0.0012125602
2017-03-27,-0.0031614862
2017-03-28,-0.0023531422
2017-03-29,-0.002425185
2017-03-30,0.0024086402
2017-03-31,-0.0018259542
2017-04-03,0.00055302004
2017-04-04,0.00050782715
2017-04-05,-0.0031876557
2017-04-06,0.001916746
2017-04-07,0.0035199665
2017-04-10,0.0035542462
2017-04-11,-0.001960741
2017-04-12,0.0029882528
2017-04-13,0.0025879107
2017-04-17,0.0017083442
2017-04-18,-0.002120324
2017-04-19,0.00023662104
2017-04-20,7.1969303e-06
2017-04-21,0.0035626173
2017-04-24,0.00044842839
2017-04-25,0.002550658
2017-04-26,-0.0032682228
2017-04-27,-0.0033213766
2017-04-28,-0.00040364522
2017-05-01,-0.0021456154
2017-05-02,-0.0018558245
2017-05-03,3.3207445e-05
2017-05-04,-0.00044608122
2017-05-05,0.003589985
2017-05-08,-0.0028263712
2017-05-09,-0.0013517768
2017-05-10,-0.002642728
2017-05-11,-0.00020117276
2017-05-12,0.0017588664
2017-05-15,-0.0033523617
2017-05-16,-0.0020886771
2017-05-17,0.0011672177
2017-05-18,-0.0028153711
2017-05-19,-0.0018430793
2017-05-22,0.0005590812
2017-05-23,-0.001443435
2017-05-24,-0.0034772865
2017-05-25,-0.0008916319
2017-05-26,-0.00044335143
2017-05-30,0.0006424487
2017-05-31,0.001153573
2017-06-01,0.0008475851
2017-06-02,-0.0019393917
2017-06-05,-0.0007031213
2017-06-06,0.0028899536
2017-06-07,0.0014485391
2017-06-08,0.0014383121
2017-06-09,0.0032739853
2017-06-12,-0.0033470143
2017-06-13,-0.0005354147
2017-06-14,0.0012563636
2017-06-15,-0.0032792906
2017-06-16,0.0019477218
2017-06-19,0.0015673531
2017-06-20,0.0018046701
2017-06-21,0.0027043135
2017-06-22,-0.0035362765
2017-06-23,0.003017491
2017-06-26,0.0028466682
2017-06-27,-0.0031675913
2017-06-28,0.0029819468
2017-06-29,-0.0022770904
2017-06-30,0.0036248143
2017-07-03,0.0023972066
2017-07-05,0.00061074126
2017-07-06,0.0028901307
2017-07-07,-0.0030844044
2017-07-10,-0.0035777602
2017-07-11,-0.0021682614
2017-07-12,-0.0017292377
2017-07-13,-0.002675938
2017-07-14,0.0007257805
2017-07-17,0.0015529747
2017-07-18,0.0017882461
2017-07-19,-0.00293098
2017-07-20,-0.0027872145
2017-07-21,-0.0013151806
2017-07-24,-0.0005068129
2017-07-25,-0.0022893734
2017-07-26,-0.001729017
2017-07-27,-0.00022104257
2017-07-28,0.0015330475
2017-07-31,0.0026524954
2017-08-01,0.00094617816
2017-08-02,0.0009947442
2017-08-03,0.0034575094
2017-08-04,0.0021498974
2017-08-07,0.0008719308
2017-08-08,-0.0033124273
2017-08-09,-0.002798175
2017-08-10,-0.0029291292
2017-08-11,0.0034903574
2017-08-14,0.001561281
2017-08-15,0.0022440343
2017-08-16,0.0010054092
2017-08-17,0.0023298387
2017-08-18,-0.003339758
2017-08-21,0.003335575
2017-08-22,0.0005078596
2017-08-23,-0.0030133862
2017-08-24,-0.0005106275
2017-08-25,-0.002758574
2017-08-28,-0.0027723117
2017-08-29,0.003470354
2017-08-30,-0.0010706768
2017-08-31,0.0004643175
2017-09-01,-0.0006722511
2017-09-05,-0.00055662397
2017-09-06,-8.0836355e-05
2017-09-07,-0.0034384967
2017-09-08,-0.0021076906
2017-09-11,-0.0050637308
2017-09-12,-0.0007172638
2017-09-13,-0.0008224998
2017-09-14,-2.1903736e-05
2017-09-15,-0.0032082708
2017-09-18,0.0023519383
2017-09-19,0.0018141825
2017-09-20,0.0019134812
2017-09-21,-0.0020771509
2017-09-22,-0.0018750497
2017-09-25,0.00068334467
2017-09-26,0.00057358295
2017-09-27,-0.0027791683
2017-09-28,-0.0034636566
2017-09-29,0.0009638249
2017-10-02,-0.0026730697
2017-10-03,0.003066482
2017-10-04,0.0026189955
2017-10-05,-0.002571213
2017-10-06,-0.00076482905
2017-10-09,0.0014528746
2017-10-10,-0.0005715903
2017-10-11,-0.0015112795
2017-10-12,0.00049262686
2017-10-13,-0.00019720616
2017-10-16,-0.00096523244
2017-10-17,-0.0010899818
2017-10-18,-0.0015112001
2017-10-19,-0.0012253443
2017-10-20,0.0014084306
2017-10-23,0.0023702928
2017-10-24,-0.0022960147
2017-10-25,0.0032014828
2017-10-26,0.002453751
2017-10-27,0.0021449106
2017-10-30,0.0065186974
2017-10-31,-0.0015570314
2017-11-01,-0.0021956917
2017-11-02,-0.0018964047
2017-11-03,0.0028670817
2017-11-06,0.0022979258
2017-11-07,-0.003315912
2017-11-08,0.0029365707
2017-11-09,0.00019338712
2017-11-10,0.001497796
2017-11-13,0.001601662
2017-11-14,-0.0022604298
2017-11-15,0.003487196
2017-11-16,0.0031170128
2017-11-17,-0.00019906371
2017-11-20,-0.0009987034
2017-11-21,0.0006623743
2017-11-22,0.0025302474
2017-11-24,0.0011628703
2017-11-27,0.0025003469
2017-11-28,0.000506169
2017-11-29,0.0022074743
2017-11-30,0.0017412788
2017-12-01,0.0049787527
2017-12-04,0.00025556478
2017-12-05,-0.0023447946
2017-12-06,-0.0016771684
2017-12-07,0.0032002605
2017-12-08,-0.0012400819
2017-12-11,-0.003132776
2017-12-12,0.0032782545
2017-12-13,0.0044825086
2017-12-14,0.0025126515
2017-12-15,0.00042196267
2017-12-18,0.0023821234
2017-12-19,0.000336622
2017-12-20,0.002019191
2017-12-21,0.001088382
2017-12-22,0.0024553468
2017-12-26,-0.0024402412
2017-12-27,-0.0019655137
2017-12-28,-0.0030559732
2017-12-29,0.0015954087
2018-01-02,0.0024853938
2018-01-03,-0.0027899884
2018-01-04,0.0011953777
2018-01-05,0.006279196
2018-01-08,0.0021482182
2018-01-09,0.0011516067
2018-01-10,0.003907546
2018-01-11,-0.0020457786
2018-01-12,0.0033171612
2018-01-16,0.004625071
2018-01-17,9.910219e-05
2018-01-18,0.0066476366
2018-01-19,-0.0032976093
2018-01-22,-0.0028329345
2018-01-23,0.0036806597
2018-01-24,0.002362262
2018-01-25,9.5010604e-05
2018-01-26,0.0041547697
2018-01-29,0.0057052695
2018-01-30,0.0037238246
2018-01-31,0.0012541545
2018-02-01,0.00033456838
2018-02-02,0.0021741765
2018-02-05,0.008891643
2018-02-06,-0.002654087
2018-02-07,0.0033756655
2018-02-08,-0.007374657
2018-02-09,-0.018096399
2018-02-12,-0.002061725
2018-02-13,0.0034838226
2018-02-14,-0.001868705
2018-02-15,0.0009858442
2018-02-16,0.008865194
2018-02-20,0.0013179681
2018-02-21,-0.00038863157
2018-02-22,-0.0010654066
2018-02-23,-0.0013896269
2018-02-26,0.0023791413
2018-02-27,0.0012729466
2018-02-28,-0.002733719
2018-03-01,-0.0027028061
2018-03-02,-0.0075166607
2018-03-05,0.0036626924
2018-03-06,0.0017162223
2018-03-07,0.0026179021
2018-03-08,-0.0016857594
2018-03-09,0.01066348
2018-03-12,-0.0017041502
2018-03-13,-0.0018316943
2018-03-14,-0.003367243
2018-03-15,-0.0017633612
2018-03-16,0.0015153056
2018-03-19,0.0006333901
2018-03-20,-0.00082694244
2018-03-21,0.0012683026
2018-03-22,0.0038831292
2018-03-23,0.0018757579
2018-03-26,-0.0022601266
2018-03-27,-0.00081528537
2018-03-28,0.0017160927
2018-03-29,-0.0036553831
2018-04-02,0.0058656284
2018-04-03,-0.0036892134
2018-04-04,0.007904511
2018-04-05,-0.0042518275
2018-04-06,-0.0016772213
2018-04-09,0.000264018
2018-04-10,0.0064791874
2018-04-11,0.0033602193
2018-04-12,-0.005501955
2018-04-13,-0.003462649
2018-04-16,0.0025454718
2018-04-17,-0.0013475895
2018-04-18,0.004489771
2018-04-19,0.0018303283
2018-04-20,0.0019433909
2018-04-23,0.0010583899
2018-04-24,-0.0017672529
2018-04-25,-0.0017874367
2018-04-26,0.0057079364
2018-04-27,-0.0035724435
2018-04-30,0.010515648
2018-05-01,0.0043606577
2018-05-02,-8.603359e-05
2018-05-03,0.009191995
2018-05-04,-0.0038089042
2018-05-07,0.004444211
2018-05-08,0.008463334
2018-05-09,-0.00093251304
2018-05-10,-0.0025897648
2018-05-11,0.0017845262
2018-05-14,0.0049062
2018-05-15,0.0044959113
2018-05-16,-0.0032694524
2018-05-17,-0.0023053386
2018-05-18,0.00025306657
2018-05-21,-0.00010047123
2018-05-22,0.0023576932
2018-05-23,-0.00045894706
2018-05-24,0.0016644833
2018-05-25,-0.002890844
2018-05-29,-0.0059123696
2018-05-30,-0.00455105
2018-05-31,0.0014637038
2018-06-01,-0.0010354337
2018-06-04,0.001443174
2018-06-05,0.00048067127
2018-06-06,-0.0007971535
2018-06-07,-0.0006487062
2018-06-08,-0.0034154148
2018-06-11,0.002541123
2018-06-12,0.001540759
2018-06-13,-0.0018615909
2018-06-14,0.0031771213
2018-06-15,0.0022801463
2018-06-18,-0.001979957
2018-06-19,0.0029436448
2018-06-20,0.0019087724
2018-06-21,0.005476116
2018-06-22,0.00097071094
2018-06-25,0.0006684588
2018-06-26,-0.00067136425
2018-06-27,0.0008506626
2018-06-28,0.0029311024
2018-06-29,0.0018373769
2018-07-02,0.00044755975
2018-07-03,-0.0027282196
2018-07-05,-0.003036673
2018-07-06,0.0037527024
2018-07-09,0.0026889292
2018-07-10,0.007079334
2018-07-11,0.00069454336
2018-07-12,-0.00059960264
2018-07-13,-0.00082310906
2018-07-16,0.0007111009
2018-07-17,-0.0024753981
2018-07-18,0.003429183
2018-07-19,0.0011241367
2018-07-20,0.003251222
2018-07-23,0.0022373023
2018-07-24,-0.0018664262
2018-07-25,-0.0020489038
2018-07-26,0.0014272197
2018-07-27,0.0022162166
2018-07-30,0.0013340743
2018-07-31,-0.0026535422
2018-08-01,-0.00014158088
2018-08-02,0.0025324866
2018-08-03,-0.0008943286
2018-08-06,0.0033294435
2018-08-07,0.0007949446
2018-08-08,0.0019689002
2018-08-09,-0.0029378533
2018-08-10,-0.0027273549
2018-08-13,0.0016274599
2018-08-14,0.0031946176
2018-08-15,-0.0031936346
2018-08-16,-0.003344729
2018-08-17,0.0010061187
2018-08-20,-0.00036075842
2018-08-21,-0.0018517948
2018-08-22,-0.00023386464
2018-08-23,0.0018844035
2018-08-24,-0.003123299
2018-08-27,-0.0029056887
2018-08-28,-0.0024946055
2018-08-29,0.00017851128
2018-08-30,-0.0020625384
2018-08-31,-0.0013290405
2018-09-04,0.0010847161
2018-09-05,-0.0027130374
2018-09-06,0.0008464985
2018-09-07,0.0033645735
2018-09-10,0.0021796606
2018-09-11,-0.00040880148
2018-09-12,9.2359165e-05
2018-09-13,0.0022217403
2018-09-14,0.0029324698
2018-09-17,0.0020126372
2018-09-18,-0.0024443646
2018-09-19,-0.0023185269
2018-09-20,-0.0019796197
2018-09-21,-0.0023353018
2018-09-24,0.0021733106
2018-09-25,-0.0029237047
2018-09-26,0.0011245646
2018-09-27,-0.00050885376
2018-09-28,0.00041684543
2018-10-01,-0.002097096
2018-10-02,-0.0007195014
2018-10-03,-0.0005210752
2018-10-04,0.00083769404
2018-10-05,-0.00033091987
2018-10-08,0.00014791197
2018-10-09,0.0020788906
2018-10-10,-0.0030483585
2018-10-11,0.0034411743
2018-10-12,-0.0029260158
2018-10-15,0.0023983659
2018-10-16,0.0034251737
2018-10-17,0.0069215973
2018-10-18,0.0022414522
2018-10-19,0.002371699
2018-10-22,-0.0011098007
2018-10-23,0.0036305224
2018-10-24,0.010343218
2018-10-25,-0.0003383058
2018-10-26,0.00078395894
2018-10-29,-0.0027163492
2018-10-30,-0.0026654017
2018-10-31,0.0013359264
2018-11-01,-0.0022857778
2018-11-02,0.010538548
2018-11-05,-0.0031916257
2018-11-06,-0.0023075647
2018-11-07,-0.004888503
2018-11-08,0.007962857
2018-11-09,0.0025654717
2018-11-12,-0.001950944
2018-11-13,-0.0008807764
2018-11-14,0.0012047779
2018-11-15,0.0014758025
2018-11-16,-0.0056135263
2018-11-19,-0.0011291844
2018-11-20,0.0005280378
2018-11-21,0.0034394746
2018-11-23,0.008495769
2018-11-26,-0.0011872764
2018-11-27,0.0094617
2018-11-28,0.0007841122
2018-11-29,0.0020762377
2018-11-30,0.0026896212
2018-12-03,0.0037490842
2018-12-04,-0.0015630872
2018-12-06,-0.0011942842
2018-12-07,0.0016653425
2018-12-10,0.0020191735
2018-12-11,0.00018278426
2018-12-12,0.0013870059
2018-12-13,0.00018607017
2018-12-14,0.0015834648
2018-12-17,-0.00048621855
2018-12-18,0.0023205227
2018-12-19,-0.0008822114
2018-12-20,-0.0032498622
2018-12-21,0.003878788
2018-12-24,-0.0064002397
2018-12-26,-0.0003415222
2018-12-27,-0.010624378
2018-12-28,0.0039093294
2018-12-31,-0.003443546
2019-01-02,-0.0029794832
2019-01-03,0.0025813289
2019-01-04,-0.004954164
2019-01-07,-0.003275859
2019-01-08,0.0012858578
2019-01-09,0.0032838604
2019-01-10,-0.005068973
2019-01-11,-0.002667725
2019-01-14,0.0020021382
2019-01-15,-0.0031670998
2019-01-16,0.00087291637
2019-01-17,-0.00014495154
2019-01-18,0.0006913012
2019-01-22,0.0063610217
2019-01-23,-0.0031911323
2019-01-24,0.003190132
2019-01-25,-0.005198713
2019-01-28,0.002413545
2019-01-29,-0.00019394261
2019-01-30,0.0020575814
2019-01-31,0.00025313548
2019-02-01,-0.00034432
2019-02-04,-0.00032833667
2019-02-05,0.0024305668
2019-02-06,0.003227765
2019-02-07,0.0015255399
2019-02-08,0.0033990536
2019-02-11,0.006274474
2019-02-12,-0.0028615934
2019-02-13,0.0012148658
2019-02-14,-0.003490202
2019-02-15,0.0068262685
2019-02-19,-0.0012906678
2019-02-20,-0.0023963768
2019-02-21,0.005429295
2019-02-22,0.00023898912
2019-02-25,0.0030973945
2019-02-26,-0.005883254
2019-02-27,-0.001699453
2019-02-28,0.00046026046
2019-03-01,0.001458079
2019-03-04,-0.0018112849
2019-03-05,0.003573801
2019-03-06,-0.00031999827
2019-03-07,0.0017851578
2019-03-08,-0.0026237825
2019-03-11,-0.0020373913
2019-03-12,-0.0014299554
2019-03-13,0.0033788017
2019-03-14,-0.0016082621
2019-03-15,-0.00051746774
2019-03-18,-0.0024301216
2019-03-19,-0.00073722
2019-03-20,-0.0025469796
2019-03-21,0.0028472568
2019-03-22,0.004161756
2019-03-25,-0.00013058339
2019-03-26,0.0015501957
2019-03-27,0.0016899526
2019-03-28,-0.00020297218
2019-03-29,0.0025627937
2019-04-01,0.00033429152
2019-04-02,0.0018963435
2019-04-03,0.005781313
2019-04-04,0.0014746585
2019-04-05,-0.0014964263
2019-04-08,0.0030475308
2019-04-09,-0.0006135169
2019-04-10,-0.0021516539
2019-04-11,0.0033230395
2019-04-12,0.001834252
2019-04-15,0.0041182996
2019-04-16,0.0013743218
2019-04-17,0.0019023273
2019-04-18,0.0015251423
2019-04-22,0.0022597748
2019-04-23,0.001940171
2019-04-24,-0.0011630368
2019-04-25,0.0011543493
2019-04-26,-0.0019588205
2019-04-29,0.004919969
2019-04-30,-0.0012026638
2019-05-01,0.00044655788
2019-05-02,-0.0034374462
2019-05-03,0.0022579667
2019-05-06,0.0006466825
2019-05-07,0.00062374864
2019-05-08,-0.0006099695
2019-05-09,0.0031621559
2019-05-10,-0.0010846928
2019-05-13,0.002770552
2019-05-14,-0.0058658575
2019-05-15,0.0034103978
2019-05-16,0.002004274
2019-05-17,-0.0019464245
2019-05-20,0.008660565
2019-05-21,5.6452885e-05
2019-05-22,0.0035073364
2019-05-23,0.0012614162
2019-05-24,-0.0007655835
2019-05-28,0.0011282191
2019-05-29,0.000304441
2019-05-30,-0.0024197071
2019-05-31,0.0072838864
2019-06-03,-0.0016060713
2019-06-04,-0.0075468807
2019-06-05,-0.0010103502
2019-06-06,0.00019737845
2019-06-07,-0.0020638222
2019-06-10,0.0010842786
2019-06-11,0.0017698928
2019-06-12,-0.0033788488
2019-06-13,0.00018853495
2019-06-14,0.0017443739
2019-06-17,0.0016340304
2019-06-18,-0.0007986338
2019-06-19,-0.0022364908
2019-06-20,0.0033995754
2019-06-21,0.010588561
2019-06-24,-0.0017768663
2019-06-25,0.0013383189
2019-06-26,0.0026073423
2019-06-27,-0.00061548146
2019-06-28,0.0018545939
2019-07-01,0.00047439217
2019-07-02,0.005460282
2019-07-03,-0.005476925
2019-07-05,-0.00015715847
2019-07-08,-0.0012714115
2019-07-09,-0.0019980855
2019-07-10,-0.0062596756
2019-07-11,-0.00096443744
2019-07-12,0.0022418469
2019-07-15,0.0025606353
2019-07-16,-0.0007175876
2019-07-17,-0.0005773679
2019-07-18,0.0032329252
2019-07-19,0.001966282
2019-07-22,-0.00015294644
2019-07-23,0.00022000974
2019-07-24,0.0030377868
2019-07-25,0.0010983277
2019-07-26,0.0020742172
2019-07-29,-0.0025796092
2019-07-30,0.000257865
2019-07-31,-0.0027594385
2019-08-01,-0.0008413967
2019-08-02,-0.00026510726
2019-08-05,-0.00704715
2019-08-06,-0.0022500088
2019-08-07,0.0012749834
2019-08-08,-0.002861036
2019-08-09,-0.002977039
2019-08-12,0.0019094276
2019-08-13,-0.0057442524
2019-08-14,0.0019459659
2019-08-15,-0.0008001148
2019-08-16,-0.000338192
2019-08-19,-0.000681799
2019-08-20,-0.0036160527
2019-08-21,-0.0036366475
2019-08-22,-0.006196104
2019-08-23,0.012813311
2019-08-26,-0.0012644662
2019-08-27,0.0071156267
2019-08-28,-0.003170494
2019-08-29,-0.000505671
2019-08-30,0.00037326507
2019-09-03,-0.004666542
2019-09-04,-0.008234577
2019-09-05,-0.0058662975
2019-09-06,-0.002474581
2019-09-09,0.0011251182
2019-09-10,-0.0017530742
2019-09-11,-0.0010033956
2019-09-12,0.003215138
2019-09-13,-0.0028359687
2019-09-16,0.00049676467
2019-09-17,-0.0016395642
2019-09-18,-0.0018154462
2019-09-19,-0.0011669619
2019-09-20,0.0013973753
2019-09-23,0.0020119231
2019-09-24,0.0027806922
2019-09-25,-0.0030054103
2019-09-26,-0.0008920997
2019-09-27,0.00066148967
2019-09-30,-0.00040485125
2019-10-01,0.0003498844
2019-10-02,-0.00096502336
2019-10-03,-0.0020946814
2019-10-04,0.0026698085
2019-10-07,0.0065839584
2019-10-08,0.0030376904
2019-10-09,0.0005350818
2019-10-10,0.00091998157
2019-10-11,-0.0022100215
2019-10-14,-0.0011665665
2019-10-15,-0.0036836946
2019-10-16,-0.0021732524
2019-10-17,0.0019795434
2019-10-18,-0.008209748
2019-10-21,-0.007810828
2019-10-22,0.0025151153
2019-10-23,-0.00044085016
2019-10-24,-0.009085881
2019-10-25,0.0015589666
2019-10-28,-0.0034524207
2019-10-29,-0.0020626867
2019-10-30,0.0029177028
2019-10-31,-0.00066975085
2019-11-01,-0.0020652746
2019-11-04,0.0018795858
2019-11-05,-0.0030103098
2019-11-06,-0.0024213328
2019-11-07,0.0025000887
2019-11-08,0.0013979567
2019-11-11,-0.0026620117
2019-11-12,0.0032344682
2019-11-13,-0.0030931258
2019-11-14,0.0034761745
2019-11-15,-0.0026519236
2019-11-18,-0.001876124
2019-11-19,-0.00025720743
2019-11-20,-0.002267141
2019-11-21,0.0005279865
2019-11-22,-0.0006739266
2019-11-25,-0.00016808674
2019-11-26,-0.0011388708
2019-11-27,0.002618874
2019-11-29,0.00022409268
2019-12-02,0.0024406032
2019-12-03,0.0026786064
2019-12-04,-0.0027381165
2019-12-05,0.003232602
2019-12-06,0.00195083
2019-12-09,0.0022764704
2019-12-10,0.00058449927
2019-12-11,-0.0015080199
2019-12-12,-0.0021424757
2019-12-13,0.0051773707
2019-12-16,-0.0005206614
2019-12-17,0.0074243173
2019-12-18,0.001662477
2019-12-19,0.005826109
2019-12-20,0.0076610316
2019-12-23,0.0040399074
2019-12-24,0.008846611
2019-12-26,0.0051228027
2019-12-27,0.000273454
2019-12-30,0.0074873003
2019-12-31,0.0065392917
2020-01-02,-0.0010768092
2020-01-03,0.008381094
2020-01-06,0.0062964424
2020-01-07,-0.0034055093
2020-01-08,-0.0001518119
2020-01-09,0.0017502413
2020-01-10,-0.0009549451
2020-01-13,0.0007832488
2020-01-14,0.0038143941
2020-01-15,0.0031599952
2020-01-16,0.0034861157
2020-01-17,0.005598061
2020-01-21,0.005753388
2020-01-22,0.0037789152
2020-01-23,0.0007220003
2020-01-24,0.00044963698
2020-01-27,-0.00015103136
2020-01-28,-0.00933788
2020-01-29,-0.00016603312
2020-01-30,-0.002275966
2020-01-31,0.009675361
2020-02-03,0.0031257637
2020-02-04,0.0034328334
2020-02-05,0.00029934477
2020-02-06,0.005275471
2020-02-07,0.0013019118
2020-02-10,-0.0012743925
2020-02-11,-0.0016484007
2020-02-12,0.00038954182
2020-02-13,0.0027680944
2020-02-14,0.0024880504
2020-02-18,0.0063649807
2020-02-19,0.0030000743
2020-02-20,0.0014685933
2020-02-21,-0.0012074155
2020-02-24,-0.003377454
2020-02-25,-0.01037217
2020-02-26,0.0007175305
2020-02-27,-0.009068801
2020-02-28,-0.013693045
2020-03-02,-0.0046986346
2020-03-03,-0.0036289939
2020-03-04,-0.0020390574
2020-03-05,-0.0036862039
2020-03-06,-0.011706168
2020-03-09,-0.007808952
2020-03-10,-0.0087372195
2020-03-11,0.009681401
2020-03-12,-0.029520908
2020-03-13,-0.038686115
2020-03-16,-0.036930405
2020-03-17,-0.034276504
2020-03-18,-0.006389427
2020-03-19,-0.0031087936
2020-03-20,-0.017381148
2020-03-23,-0.03782058
2020-03-24,-0.023396246
2020-03-25,-0.0096413735
2020-03-26,0.010421309
2020-03-27,0.006541795
2020-03-30,-0.007069721
2020-03-31,0.0043984386
2020-04-01,-0.0068997126
2020-04-02,-0.002317569
2020-04-03,0.0036123963
2020-04-06,0.0035772836
2020-04-07,-0.00082311017
2020-04-08,0.0036434445
2020-04-09,0.005435025
2020-04-13,0.0077705462
2020-04-14,0.0029985276
2020-04-15,0.021638079
2020-04-16,0.01372788
2020-04-17,0.014504792
2020-04-20,0.010752302
2020-04-21,-0.007790007
2020-04-22,-0.0051196488
2020-04-23,-0.0077799708
2020-04-24,0.009779494
2020-04-27,0.0041264915
2020-04-28,0.0029763528
2020-04-29,-0.0028405776
2020-04-30,-0.0029499554
2020-05-01,0.006377946
2020-05-04,-0.010381056
2020-05-05,-0.0002705304
2020-05-06,-7.7515186e-05
2020-05-07,-0.014768268
2020-05-08,0.005426356
2020-05-11,0.009603177
2020-05-12,0.0019710222
2020-05-13,0.0057688626
2020-05-14,-0.005717883
2020-05-15,0.00092358637
2020-05-18,-0.003418279
2020-05-19,-0.012252812
2020-05-20,-0.00584164
2020-05-21,0.003489113
2020-05-22,-0.0019563106
2020-05-26,-0.00042713183
2020-05-27,-0.0021076663
2020-05-28,-9.820985e-05
2020-05-29,0.008217844
2020-06-01,-0.0022604282
2020-06-02,-0.009817967
2020-06-03,-0.0011208743
2020-06-04,0.002896112
2020-06-05,0.005952237
2020-06-08,-0.007895668
2020-06-09,0.009021897
2020-06-10,0.0033431577
2020-06-11,0.009379732
2020-06-12,0.0012258795
2020-06-15,0.0026325325
2020-06-16,0.0019205129
2020-06-17,-0.002167545
2020-06-18,0.011578826
2020-06-19,0.008381556
2020-06-22,-0.0020238946
2020-06-23,0.00016821099
2020-06-24,0.004267283
2020-06-25,0.0034031542
2020-06-26,-0.004821686
2020-06-29,0.004930264
2020-06-30,0.016640177
2020-07-01,0.0017025846
2020-07-02,-0.0011383859
2020-07-06,0.003234257
2020-07-07,0.0017982982
2020-07-08,0.003368632
2020-07-09,-0.0031052446
2020-07-10,-0.004073591
2020-07-13,-0.000367851
2020-07-14,0.002439052
2020-07-15,0.002395324
2020-07-16,-0.00545024
2020-07-17,-0.005994145
2020-07-20,0.0022205038
2020-07-21,0.0024004858
2020-07-22,-0.0011002239
2020-07-23,-0.0043274183
2020-07-24,-0.0068524745
2020-07-27,0.00510458
2020-07-28,0.0031077245
2020-07-29,9.8934324e-05
2020-07-30,-0.0012529767
2020-07-31,0.00012402557
2020-08-03,0.009244192
2020-08-04,0.003944373
2020-08-05,0.0033037202
2020-08-06,0.006028484
2020-08-07,0.008150548
2020-08-10,0.0009985487
2020-08-11,-0.0020365533
2020-08-12,0.007004826
2020-08-13,-0.002537318
2020-08-14,-0.00046767527
2020-08-17,-0.0013767274
2020-08-18,-0.0012691325
2020-08-19,-0.002019483
2020-08-20,-0.0033096795
2020-08-21,0.001969691
2020-08-24,0.0041945204
2020-08-25,0.006121341
2020-08-26,0.0049655926
2020-08-27,0.0046497844
2020-08-28,0.0036042568
2020-08-31,0.0054133297
2020-09-01,-0.002460101
2020-09-02,0.005153094
2020-09-03,0.007871271
2020-09-04,-0.0025720394
2020-09-08,-0.0017594707
2020-09-09,0.0017090526
2020-09-10,-0.0010624346
2020-09-11,-0.00043173705
2020-09-14,0.002127196
2020-09-15,0.0057693357
2020-09-16,-0.0030216742
2020-09-17,-0.00015656797
2020-09-18,0.002269921
2020-09-21,-0.00025610984
2020-09-22,-0.0014825464
2020-09-23,0.0005905072
2020-09-24,-0.0013089069
2020-09-25,0.002193036
2020-09-28,0.0051158196
2020-09-29,0.0040680007
2020-09-30,0.0012083462
2020-10-01,-0.0005172885
2020-10-02,0.0027269647
2020-10-05,0.0007469513
2020-10-06,0.0015759474
2020-10-07,-9.994605e-05
2020-10-08,-0.0042312536
2020-10-09,-0.004680007
2020-10-12,0.0020049484
2020-10-13,0.006360901
2020-10-14,0.006785212
2020-10-15,0.0019554961
2020-10-16,-0.0033505275
2020-10-19,-0.0013799431
2020-10-20,0.0028403264
2020-10-21,-0.005043285
2020-10-22,0.001284163
2020-10-23,-0.0010320798
2020-10-26,-0.0035598895
2020-10-27,0.00035045316
2020-10-28,0.005120238
2020-10-29,0.0024406293
2020-10-30,-0.0026140034
2020-11-02,0.0049380804
2020-11-03,0.0060179653
2020-11-04,0.0062632365
2020-11-05,0.0018449612
2020-11-06,0.009841257
2020-11-09,0.0016913087
2020-11-10,0.003955717
2020-11-11,0.0009327168
2020-11-12,-0.009692513
2020-11-13,-0.015284952
2020-11-16,0.001293948
2020-11-17,0.0006291892
2020-11-18,-0.0076942365
2020-11-19,-0.0043512583
2020-11-20,0.0028555961
2020-11-23,-0.009808636
2020-11-24,-0.0041035987
2020-11-25,-0.00207773
2020-11-27,0.0023523213
2020-11-30,0.0006763328
2020-12-01,-0.002141033
2020-12-02,-0.002613867
2020-12-03,-0.0010421367
2020-12-04,-0.0010121918
2020-12-07,0.009606062
2020-12-08,0.00819911
2020-12-09,0.004770758
2020-12-10,-0.00049305113
2020-12-11,0.002143562
2020-12-14,0.0012892936
2020-12-15,0.0003321849
2020-12-16,0.004129028
2020-12-17,0.00090600085
2020-12-18,-0.006043585
2020-12-21,0.0028817733
2020-12-22,-0.0008885864
2020-12-23,-0.00012395665
2020-12-24,-0.002394927
2020-12-28,-0.002277359
2020-12-29,0.0013993591
2020-12-30,0.0014865414
2020-12-31,0.005225078
2021-01-04,-0.0008228715
2021-01-05,0.0077147433
2021-01-06,0.0029748818
2021-01-07,0.0033599925
2021-01-08,-0.0008778426
2021-01-11,0.00039479684
2021-01-12,0.008591927
2021-01-13,0.0004517492
2021-01-14,0.0056622745
2021-01-15,0.00047242542
2021-01-19,0.001326203
2021-01-20,0.010203821
2021-01-21,0.0006817689
2021-01-22,0.002759797
2021-01-25,0.0009340495
2021-01-26,-0.0018620342
2021-01-27,0.0037094494
2021-01-28,0.0010276237
2021-01-29,0.0051182318
2021-02-01,-0.0023595295
2021-02-02,0.0066904323
2021-02-03,0.007335807
2021-02-04,-0.0023658453
2021-02-05,0.0022149666
2021-02-08,-0.0033392643
2021-02-09,-0.0011716717
2021-02-10,0.0009152614
2021-02-11,0.0007596785
2021-02-12,-0.0028214613
2021-02-16,-0.00054617366
2021-02-17,0.00083248847
2021-02-18,-0.00045574852
2021-02-19,0.002856304
2021-02-22,-0.0022974722
2021-02-23,-0.002435736
2021-02-24,0.0020765695
2021-02-25,0.0023354532
2021-02-26,-0.0025795843
2021-03-01,0.0032893466
2021-03-02,0.0012936061
2021-03-03,-0.0028042854
2021-03-04,0.0063088024
2021-03-05,0.0032500748
2021-03-08,-0.0021433139
2021-03-09,-0.0009362497
2021-03-10,0.0010299429
2021-03-11,-0.0007473329
2021-03-12,0.0027374902
2021-03-15,0.0014892726
2021-03-16,-0.0031874995
2021-03-17,0.0015633671
2021-03-18,0.0030105978
2021-03-19,0.0019027648
2021-03-22,0.0022214036
2021-03-23,0.0003018067
2021-03-24,0.0025890172
2021-03-25,0.0013539875
2021-03-26,-0.0027945803
2021-03-29,-0.0012624799
2021-03-30,0.0022978059
2021-03-31,-0.0005597931
2021-04-01,-0.009987211
2021-04-05,-0.0016707466
2021-04-06,8.1681785e-05
2021-04-07,1.4110787e-05
2021-04-08,-0.0034342362
2021-04-09,-0.002309306
2021-04-12,0.002156262
2021-04-13,0.0041285143
2021-04-14,0.0056292675
2021-04-15,0.006866033
2021-04-16,0.0014968431
2021-04-19,-0.002621641
2021-04-20,-0.0010012597
2021-04-21,-0.0021048451
2021-04-22,0.0013062889
2021-04-23,-0.0007194779
2021-04-26,-0.0011168319
2021-04-27,0.0010981417
2021-04-28,0.010087544
2021-04-29,-0.0016175639
2021-04-30,-0.0005091382
2021-05-03,-0.0013227932
2021-05-04,-0.000985312
2021-05-05,-0.003764581
2021-05-06,2.1628179e-05
2021-05-07,0.0010744628
2021-05-10,-0.0018258411
2021-05-11,0.004516743
2021-05-12,0.0014803746
2021-05-13,-0.009671784
2021-05-14,-0.0023758116
2021-05-17,0.004776451
2021-05-18,-0.0033709055
2021-05-19,0.0038123576
2021-05-20,-0.0023434926
2021-05-21,-0.000181661
2021-05-24,-0.0016066558
2021-05-25,0.0017941045
2021-05-26,0.0011472402
2021-05-27,0.009285702
2021-05-28,0.002166251
2021-06-01,-0.0025950158
2021-06-02,-0.0025896344
2021-06-03,0.0024166582
2021-06-04,0.0017733558
2021-06-07,-0.0032042048
2021-06-08,-0.0022735696
2021-06-09,0.00024123109
2021-06-10,-0.003268171
2021-06-11,0.0032936344
2021-06-14,0.005975492
2021-06-15,-0.001449168
2021-06-16,-0.0018273965
2021-06-17,-0.00018933816
2021-06-18,0.0032740273
2021-06-21,-0.002417927
2021-06-22,0.0005567469
2021-06-23,0.0028421208
2021-06-24,-0.0018422537
2021-06-25,0.0029946014
2021-06-28,0.0020514964
2021-06-29,0.0023662003
2021-06-30,0.0023999994
2021-07-01,-0.0021718862
2021-07-02,-0.0016666037
2021-07-06,0.0010084413
2021-07-07,-0.0016118558
2021-07-08,0.007311839
2021-07-09,-0.0023752868
2021-07-12,0.0019561888
2021-07-13,0.002571004
2021-07-14,-0.0016296936
2021-07-15,0.0026868805
2021-07-16,-0.0031199614
2021-07-19,-0.0022358396
2021-07-20,-0.008591945
2021-07-21,-0.0016344163
2021-07-22,-0.0030161566
2021-07-23,0.0018178471
2021-07-26,0.00018925576
2021-07-27,0.0020856448
2021-07-28,-0.00023568142
2021-07-29,-0.003386402
2021-07-30,0.005925912
2021-08-02,0.005207983
2021-08-03,-0.0021606155
2021-08-04,-0.0035199006
2021-08-05,-0.001643456
2021-08-06,0.0016928846
2021-08-09,0.00020700296
2021-08-10,-1.9785273e-05
2021-08-11,-0.0014012037
2021-08-12,-0.003101191
2021-08-13,0.0035094665
2021-08-16,0.0023822377
2021-08-17,0.0030198684
2021-08-18,0.00050858
2021-08-19,-0.00020328401
2021-08-20,-0.0035940204
2021-08-23,0.006503493
2021-08-24,0.005990089
2021-08-25,-0.0020637827
2021-08-26,-0.0022634133
2021-08-27,-0.0028370332
2021-08-30,0.00097512105
2021-08-31,-0.0034787443
2021-09-01,-0.002882351
2021-09-02,0.005846144
2021-09-03,0.0036888767
2021-09-07,0.0012330464
2021-09-08,0.0034341495
2021-09-09,0.0015339674
2021-09-10,0.0031722689
2021-09-13,0.0015473365
2021-09-14,0.004473786
2021-09-15,0.0007742503
2021-09-16,0.0032769695
2021-09-17,-0.001178045
2021-09-20,-0.0025075544
2021-09-21,-0.008752365
2021-09-22,-0.003174843
2021-09-23,3.429251e-05
2021-09-24,-0.001012509
2021-09-27,0.002315362
2021-09-28,0.00052940665
2021-09-29,-0.0010945445
2021-09-30,0.003517408
2021-10-01,-0.00068675797
2021-10-04,-0.0030001404
2021-10-05,0.0015329956
2021-10-06,-0.0026382373
2021-10-07,0.0036629303
2021-10-08,-0.0017795068
2021-10-11,-0.0018218999
2021-10-12,0.00096784683
2021-10-13,-0.0024653615
2021-10-14,-0.0040261135
2021-10-15,-0.0002598173
2021-10-18,0.0006873433
2021-10-19,0.0005846313
2021-10-20,-0.0028269284
2021-10-21,0.00229082
2021-10-22,-0.0033687737
2021-10-25,-0.0009132832
2021-10-26,-0.0011224895
2021-10-27,-0.003365579
2021-10-28,-0.001513494
2021-10-29,0.0006669013
2021-11-01,-0.00039423956
2021-11-02,0.0033840223
2021-11-03,0.001632722
2021-11-04,0.0012981294
2021-11-05,0.0022015541
2021-11-08,0.0022070953
2021-11-09,0.0027900555
2021-11-10,-0.0024882338
2021-11-11,-0.008976157
2021-11-12,-0.0013299804
2021-11-15,0.0027400076
2021-11-16,0.0066188183
2021-11-17,-0.000730182
2021-11-18,-0.0033435305
2021-11-19,-0.00072061806
2021-11-22,0.0027430379
2021-11-23,0.0020067594
2021-11-24,-5.200678e-07
2021-11-26,0.0014681311
2021-11-29,-0.006690286
2021-11-30,0.0022198195
2021-12-01,-0.0012467836
2021-12-02,-0.0016080776
2021-12-03,2.1201175e-05
2021-12-06,0.003238539
2021-12-07,0.0049250554
2021-12-08,0.0032078167
2021-12-09,0.0035966046
2021-12-10,0.0021575075
2021-12-13,-0.0022038037
2021-12-14,-0.0049853195
2021-12-15,-0.0047972775
2021-12-16,0.0015323886
2021-12-17,0.0019623705
2021-12-20,-0.0015417085
2021-12-21,0.0034255004
2021-12-22,0.0018817291
2021-12-23,-0.0029994252
2021-12-27,-0.0011186879
2021-12-28,0.008300357
2021-12-29,0.0017449115
2021-12-30,-0.0009941157
2021-12-31,0.002983007
2022-01-03,-0.0013823656
2022-01-04,0.00038419367
2022-01-05,-0.000518834
2022-01-06,0.0016577474
2022-01-07,-0.0005435794
2022-01-10,0.0015291895
2022-01-11,0.00059092685
2022-01-12,-0.0012537593
2022-01-13,-0.001480122
2022-01-14,0.005894098
2022-01-18,0.0017092893
2022-01-19,0.00083983294
2022-01-20,0.007904446
2022-01-21,-0.01149325
2022-01-24,-0.00067759794
2022-01-25,0.0029729474
2022-01-26,-0.0032862483
2022-01-27,0.008502448
2022-01-28,-0.0012782235
2022-01-31,0.010699297
2022-02-01,0.003411204
2022-02-02,-0.0029359197
2022-02-03,0.008864243
2022-02-04,-0.004078827
2022-02-07,-0.0014623546
2022-02-08,-0.010069975
2022-02-09,-0.002526768
2022-02-10,1.8677854e-05
2022-02-11,0.0075778463
2022-02-14,-0.0017018857
2022-02-15,0.004265483
2022-02-16,0.00986628
2022-02-17,-2.8628122e-06
2022-02-18,0.005272106
2022-02-22,-0.00090777664
2022-02-23,-0.008044288
2022-02-24,-0.0006226783
2022-02-25,-0.007565083
2022-02-28,0.0021259491
2022-03-01,0.0049634534
2022-03-02,0.0052881152
2022-03-03,0.009463664
2022-03-04,0.004834851
2022-03-07,-0.00614397
2022-03-08,-0.0003968568
2022-03-09,-0.0048181517
2022-03-10,0.009831641
2022-03-11,-0.002366026
2022-03-14,0.0029839897
2022-03-15,0.00308391
2022-03-16,-0.004476827
2022-03-17,-0.002396945
2022-03-18,-0.0034404017
2022-03-21,0.003363945
2022-03-22,-0.00901748
2022-03-23,0.0026582887
2022-03-24,0.0013068995
2022-03-25,0.0027311374
2022-03-28,0.005630935
2022-03-29,0.010510001
2022-03-30,0.0054061417
2022-03-31,-0.0014974992
2022-04-01,-0.008489428
2022-04-04,-0.0102014765
2022-04-05,0.0018938585
2022-04-06,0.0003777449
2022-04-07,-0.0054232846
2022-04-08,0.0036093069
2022-04-11,0.0017012481
2022-04-12,0.004424419
2022-04-13,0.0035036942
2022-04-14,-0.0028449334
2022-04-18,-0.0035854338
2022-04-19,0.0026436134
2022-04-20,0.0072084237
2022-04-21,-0.0032056484
2022-04-22,0.0056582587
2022-04-25,0.0035309829
2022-04-26,0.0014000975
2022-04-27,-0.0026405856
2022-04-28,0.009530065
2022-04-29,0.0074199936
2022-05-02,0.00404729
2022-05-03,0.0020916245
2022-05-04,0.0017047623
2022-05-05,-0.0015486301
2022-05-06,0.010449084
2022-05-09,0.0017601431
2022-05-10,-0.010115405
2022-05-11,-0.012115886
2022-05-12,-0.013126121
2022-05-13,-0.00628842
2022-05-16,0.00029122477
2022-05-17,-0.009240775
2022-05-18,-0.0013439541
2022-05-19,0.007592723
2022-05-20,0.017759455
2022-05-23,-0.006475259
2022-05-24,0.011449766
2022-05-25,0.009202889
2022-05-26,0.015195918
2022-05-27,-0.0061558406
2022-05-31,0.006266402
2022-06-01,-0.0011676835
2022-06-02,-0.0048247296
2022-06-03,0.014913353
2022-06-06,-7.247915e-05
2022-06-07,0.0052630235
2022-06-08,0.00091704127
2022-06-09,0.0010282502
2022-06-10,-0.006829972
2022-06-13,-0.015801352
2022-06-14,-0.003165708
2022-06-15,0.000629586
2022-06-16,-0.014642861
2022-06-17,-0.003006548
2022-06-21,0.0021790366
2022-06-22,-0.0072809677
2022-06-23,9.492851e-05
2022-06-24,0.005305449
2022-06-27,0.010190589
2022-06-28,-0.0072951163
2022-06-29,-0.005465787
2022-06-30,-0.000566183
2022-07-01,-0.006017864
2022-07-05,0.005067887
2022-07-06,-0.012626036
2022-07-07,0.0009037829
2022-07-08,0.0034099566
2022-07-11,-0.006445124
2022-07-12,0.0036896276
2022-07-13,-0.016710998
2022-07-14,-0.0012998093
2022-07-15,0.004047721
2022-07-18,-0.0016841996
2022-07-19,-0.0001928597
2022-07-20,-0.004156597
2022-07-21,0.002736473
2022-07-22,0.003902734
2022-07-25,-0.009201948
2022-07-26,-0.009985569
2022-07-27,0.00049964694
2022-07-28,0.0019669172
2022-07-29,0.0013913242
2022-08-01,0.0035874147
2022-08-02,0.002943242
2022-08-03,0.001520025
2022-08-04,0.0063590505
2022-08-05,0.005186741
2022-08-08,0.00022271721
2022-08-09,-0.0020102207
2022-08-10,-0.0011192225
2022-08-11,-0.00027982378
2022-08-12,-0.0093581285
2022-08-15,0.0016514759
2022-08-16,0.008152887
2022-08-17,0.0032895182
2022-08-18,0.0016819651
2022-08-19,-0.0042175474
2022-08-22,0.0035044088
2022-08-23,-0.0043950197
2022-08-24,-0.0005747636
2022-08-25,0.0032000863
2022-08-26,0.0021140412
2022-08-29,-0.002717575
2022-08-30,-0.010492511
2022-08-31,-0.0035989706
2022-09-01,-0.00016805375
2022-09-02,0.005970783
2022-09-06,-0.009293897
2022-09-07,-0.0008320256
2022-09-08,0.004656907
2022-09-09,-0.0021760098
2022-09-12,0.0063060154
2022-09-13,-0.0026088608
2022-09-14,0.0022161205
2022-09-15,-0.008179794
2022-09-16,0.0040176413
2022-09-19,-0.0032731683
2022-09-20,0.0004125264
2022-09-21,0.00216087
2022-09-22,-0.0013693032
2022-09-23,0.0031804799
2022-09-26,-0.011453872
2022-09-27,-0.0056369086
2022-09-28,-0.0016132238
2022-09-29,-0.0013193244
2022-09-30,-0.0033220057
2022-10-03,-0.0020237116
2022-10-04,0.006282841
2022-10-05,-0.0031187672
2022-10-06,-0.0007722615
2022-10-07,0.0031720481
2022-10-10,0.0017466105
2022-10-11,-0.017259827
2022-10-12,0.000784679
2022-10-13,-0.0023778977
2022-10-14,0.0029386065
2022-10-17,-0.0076036872
2022-10-18,0.0070759533
2022-10-19,0.0015649679
2022-10-20,0.00063037866
2022-10-21,-0.0090637915
2022-10-24,0.007891944
2022-10-25,-0.0053157606
2022-10-26,-0.0026262917
2022-10-27,0.0012540976
2022-10-28,-0.0010274246
2022-10-31,0.005068063
2022-11-01,0.008255032
2022-11-02,-0.0053701885
2022-11-03,0.0066922996
2022-11-04,0.005610823
2022-11-07,0.008950537
2022-11-08,-0.002190555
2022-11-09,-0.0024725331
2022-11-10,0.004828425
2022-11-11,0.00097538927
2022-11-14,0.0012756336
2022-11-15,-0.007834369
2022-11-16,-0.00094357925
2022-11-17,0.0012736042
2022-11-18,-0.0042735245
2022-11-21,-0.0011077403
2022-11-22,-0.00051015255
2022-11-23,-0.006586206
2022-11-25,0.0008974063
2022-11-28,0.0029784527
2022-11-29,-0.0022410804
2022-11-30,0.002330289
2022-12-01,0.0034887933
2022-12-02,-0.0019489821
2022-12-05,0.0020091243
2022-12-06,0.008799443
2022-12-07,-0.00015337963
2022-12-08,-0.004323247
2022-12-09,0.006866843
2022-12-12,-0.0033535294
2022-12-13,-0.0067770025
2022-12-14,-0.003228338
2022-12-15,0.0007129097
2022-12-16,0.010398049
2022-12-19,0.012186473
2022-12-20,-0.0032494396
2022-12-21,-0.0023942033
2022-12-22,-0.0022890589
2022-12-23,0.00022594692
2022-12-27,-0.002150153
2022-12-28,0.0033594777
2022-12-29,0.0005657181
2022-12-30,0.007129493
2023-01-03,0.008015172
2023-01-04,0.0012007111
2023-01-05,-0.0012983122
2023-01-06,-0.00052073644
2023-01-09,-0.0022576998
2023-01-10,0.0027443788
2023-01-11,-0.0009772076
2023-01-12,-0.010482038
2023-01-13,-0.005996838
2023-01-17,0.00066387263
2023-01-18,0.0032584097
2023-01-19,0.00020416247
2023-01-20,-0.0029235606
2023-01-23,0.00020475563
2023-01-24,0.0056352285
2023-01-25,0.0025514783
2023-01-26,-0.0076824375
2023-01-27,-0.0020585523
2023-01-30,-0.003032179
2023-01-31,-0.0020017964
2023-02-01,0.00320286
2023-02-02,-0.002569589
2023-02-03,0.0095285745
2023-02-06,0.0028068458
2023-02-07,-0.00842326
2023-02-08,0.0067461203
2023-02-09,-0.0019060649
2023-02-10,-0.00012991136
2023-02-13,-0.0005776333
2023-02-14,0.0006052633
2023-02-15,-0.0018061529
2023-02-16,0.0019532058
2023-02-17,0.0049967417
2023-02-21,-1.1164315e-05
2023-02-22,0.004859886
2023-02-23,0.0031071322
2023-02-24,0.0029371185
2023-02-27,0.0032993634
2023-02-28,-0.0008080311
2023-03-01,-0.0011782906
2023-03-02,-0.005609324
2023-03-03,0.00047672627
2023-03-06,0.00023080394
2023-03-07,0.0014007881
2023-03-08,-0.000118499265
2023-03-09,-0.0037027777
2023-03-10,0.0027906373
2023-03-13,0.003521448
2023-03-14,0.001725042
2023-03-15,0.00054805895
2023-03-16,-0.001489399
2023-03-17,0.0034143003
2023-03-20,-0.0018945794
2023-03-21,0.00029682936
2023-03-22,0.006982985
2023-03-23,-0.0027147348
2023-03-24,0.0024358542
2023-03-27,-0.005966972
2023-03-28,-0.0032237084
2023-03-29,-0.0058013434
2023-03-30,0.00022859835
2023-03-31,0.0016922238
2023-04-03,-0.007933233
2023-04-04,-0.0015427181
2023-04-05,0.0019009846
2023-04-06,-0.0012196888
2023-04-10,-0.0016595763
2023-04-11,-0.0049907994
2023-04-12,0.003085712
2023-04-13,-0.0022919737
2023-04-14,0.0010209767
2023-04-17,-0.001512461
2023-04-18,-0.004972801
2023-04-19,-0.0006795603
2023-04-20,-0.001891752
2023-04-21,-0.0021783567
2023-04-24,-0.002893782
2023-04-25,-0.0013724193
2023-04-26,0.0030314561
2023-04-27,-0.009126266
2023-04-28,-0.0030620298
2023-05-01,-0.0021066538
2023-05-02,0.001965102
2023-05-03,0.0015572178
2023-05-04,-0.0026765496
2023-05-05,-0.0027884648
2023-05-08,-0.0028217337
2023-05-09,-0.0019132806
2023-05-10,-0.0029677115
2023-05-11,-0.0012468274
2023-05-12,-3.5145003e-05
2023-05-15,-0.003278676
2023-05-16,0.0035506764
2023-05-17,-0.00068733084
2023-05-18,-0.002301903
2023-05-19,-0.000108840344
2023-05-22,0.0075022713
2023-05-23,-0.0019182098
2023-05-24,-0.008496283
2023-05-25,-0.0018431249
2023-05-26,0.00048477045
2023-05-30,0.0007593443
2023-05-31,-0.0002495598
2023-06-01,-0.0016231862
2023-06-02,-0.00071144925
2023-06-05,0.0026610529
2023-06-06,0.0022020312
2023-06-07,0.0003222393
2023-06-08,0.002833079
2023-06-09,0.0026878044
2023-06-12,0.0021510744
2023-06-13,-0.0025321357
2023-06-14,-0.0019702609
2023-06-15,0.008118669
2023-06-16,0.01033706
2023-06-20,0.010433622
2023-06-21,0.0032029634
2023-06-22,0.001196765
2023-06-23,0.0068076863
2023-06-26,0.008601141
2023-06-27,-0.0010448896
2023-06-28,-0.00047504733
2023-06-29,-0.0033234216
2023-06-30,0.00030009504
2023-07-03,0.007533913
2023-07-05,0.0034233707
2023-07-06,0.0055137933
2023-07-07,0.0021501132
2023-07-10,0.007915787
2023-07-11,0.002682341
2023-07-12,0.009923995
2023-07-13,0.0033752893
2023-07-14,0.0019167903
2023-07-17,0.0068068877
2023-07-18,0.004477152
2023-07-19,-0.0029428143
2023-07-20,-0.0016667978
2023-07-21,0.0070723332
2023-07-24,-0.0023901404
2023-07-25,-0.0034439487
2023-07-26,-0.002068182
2023-07-27,-0.00095614867
2023-07-28,0.0049816477
2023-07-31,-0.0019329555
2023-08-01,0.006392927
2023-08-02,-0.0026948052
2023-08-03,0.0015572913
2023-08-04,-0.006799435
2023-08-07,0.00022059922
2023-08-08,-0.0011395722
2023-08-09,-0.00029815827
2023-08-10,0.0005963763
2023-08-11,0.0025292647
2023-08-14,-0.0017281105
2023-08-15,-0.003601004
2023-08-16,-0.002767434
2023-08-17,-0.009231307
2023-08-18,-0.0014708564
2023-08-21,0.0004916543
2023-08-22,-0.00328279
2023-08-23,0.0012112523
2023-08-24,0.0010914352
2023-08-25,0.002282385
2023-08-28,-0.003247507
2023-08-29,-0.002203413
2023-08-30,0.0018048953
2023-08-31,0.0041148416
2023-09-01,0.0031730328
2023-09-05,0.0010339185
2023-09-06,0.0011181298
2023-09-07,0.0009505486
2023-09-08,0.0034391186
2023-09-11,-0.002696258
2023-09-12,0.010252631
2023-09-13,0.0020282627
2023-09-14,0.0012073268
2023-09-15,0.0025689087
2023-09-18,0.0022480083
2023-09-19,-0.0026999898
2023-09-20,-0.0006336029
2023-09-21,0.00081657985
2023-09-22,0.0028482694
2023-09-25,-0.0015706071
2023-09-26,-0.0026860887
2023-09-27,-0.003745271
2023-09-28,-0.0024140878
2023-09-29,-0.0004433287
2023-10-02,-0.0004666445
2023-10-03,-0.003048066
2023-10-04,-0.0032488077
2023-10-05,-0.0036782848
2023-10-06,-0.00097220874
2023-10-09,-0.00044580837
2023-10-10,-0.002495188
2023-10-11,-0.0035143616
2023-10-12,0.0017846372
2023-10-13,-0.0014929214
2023-10-16,0.0023589463
2023-10-17,0.001717235
2023-10-18,-0.0045048916
2023-10-19,-0.00057037524
2023-10-20,0.0030082844
2023-10-23,0.003361753
2023-10-24,-0.001641032
2023-10-25,0.003706839
2023-10-26,0.0027588985
2023-10-27,-0.0019370355
2023-10-30,-0.007207565
2023-10-31,0.0006481519
2023-11-01,-0.003348659
2023-11-02,0.00696571
2023-11-03,-0.0025670598
2023-11-06,0.0020781427
2023-11-07,-0.0011940082
2023-11-08,-0.0021410114
2023-11-09,-0.0018607816
2023-11-10,0.0046487343
2023-11-13,0.0057496643
2023-11-14,0.0011650583
2023-11-15,-0.00050824176
2023-11-16,0.002087217
2023-11-17,-0.0021629508
2023-11-20,-0.00572999
2023-11-21,0.00036505022
2023-11-22,-0.0067685014
2023-11-24,0.0033078026
2023-11-27,-0.001753176
2023-11-28,-0.009621829
2023-11-29,-0.0016908488
2023-11-30,-0.0052192817
2023-12-01,0.0034051926
2023-12-04,0.0021226453
2023-12-05,0.002632091
2023-12-06,-0.003537344
2023-12-07,-0.003649149
2023-12-08,0.002905138
2023-12-11,-0.00027149342
2023-12-12,0.0063338606
2023-12-13,0.0039394596
2023-12-14,0.0019976306
2023-12-15,0.009171399
2023-12-18,0.0051078163
2023-12-19,0.0074517545
2023-12-20,0.0025037238
2023-12-21,0.0016968341
2023-12-22,0.001387514
2023-12-26,-0.0010164186
2023-12-27,-0.0009775667
2023-12-28,0.00070729025
2023-12-29,-0.0013732943
2024-01-02,-0.0008864399
2024-01-03,0.0018076582
2024-01-04,-0.0006841768
2024-01-05,-0.0008131586
2024-01-08,0.0004174465
2024-01-09,0.0034308126
2024-01-10,-0.00054841477
2024-01-11,0.0083352355
2024-01-12,0.009148487
2024-01-16,0.000541558
2024-01-17,0.004307121
2024-01-18,0.00097536616
2024-01-19,-0.0021753176
2024-01-22,-0.0021034372
2024-01-23,-0.0025626433
2024-01-24,0.005926027
2024-01-25,0.0032925692
2024-01-26,0.00023335387
2024-01-29,0.0088108815
2024-01-30,-0.0017927344
2024-01-31,0.009604429
2024-02-01,-0.0014916932
2024-02-02,-0.002896006
2024-02-05,0.009698153
2024-02-06,0.0018526278
2024-02-07,0.009666983
2024-02-08,-0.0025661173
2024-02-09,0.0076476
2024-02-12,0.009950711
2024-02-13,-0.0024419993
2024-02-14,-0.002769946
2024-02-15,-0.0008821957
2024-02-16,-0.0012719985
2024-02-20,-0.0012469105
2024-02-21,-0.0006784685
2024-02-22,0.005019856
2024-02-23,0.0027378385
2024-02-26,0.001258664
2024-02-27,0.0046944562
2024-02-28,-0.0026983938
2024-02-29,0.0023747107
2024-03-01,0.0018881209
2024-03-04,-0.0020402637
2024-03-05,0.009852777
2024-03-06,0.0030447533
2024-03-07,-0.0014869621
2024-03-08,0.0027585214
2024-03-11,0.008742049
2024-03-12,-0.00041809754
2024-03-13,0.0026503338
2024-03-14,0.0027013344
2024-03-15,0.010539677
2024-03-18,-0.0011692673
2024-03-19,0.0019135103
2024-03-20,-0.005664468
2024-03-21,-0.0003732004
2024-03-22,0.0065465155
2024-03-25,0.00031165188
2024-03-26,0.0035813346
2024-03-27,-0.0031838801
2024-03-28,-0.0013091047
2024-04-01,0.0022172818
2024-04-02,0.010366706
2024-04-03,-0.003149584
2024-04-04,0.010460213
2024-04-05,0.0014936501
2024-04-08,0.0023341195
2024-04-09,0.0026016217
2024-04-10,-0.00038595134
2024-04-11,0.0006865866
2024-04-12,0.0014695751
2024-04-15,0.011432007
2024-04-16,0.0029223613
2024-04-17,0.0020384681
2024-04-18,-0.0028525922
2024-04-19,-0.0012587053
2024-04-22,-0.006270357
2024-04-23,0.0010660783
2024-04-24,0.0020064276
2024-04-25,-0.0011555695
2024-04-26,-0.0023705673
2024-04-29,0.0021031317
2024-04-30,0.0036192737
2024-05-01,-0.00031453813
2024-05-02,-0.0018262326
2024-05-03,0.0009911095
2024-05-06,-0.008648803
2024-05-07,-0.0019936687
2024-05-08,-0.008796691
2024-05-09,0.00076398085
2024-05-10,0.00020273177
2024-05-13,0.0006846258
2024-05-14,-0.0031135746
2024-05-15,-6.497759e-05
2024-05-16,0.0030226076
2024-05-17,0.009405489
2024-05-20,0.0018653917
2024-05-21,0.0037839133
2024-05-22,-0.0032497249
2024-05-23,-0.0024515716
2024-05-24,-0.0011886776
2024-05-28,-0.0013387621
2024-05-29,-0.0010342681
2024-05-30,-0.0011001534
2024-05-31,-0.002375692
2024-06-03,-0.002770404
2024-06-04,-0.003347987
2024-06-05,-0.00012865248
2024-06-06,-0.003081553
2024-06-07,0.0022660305
2024-06-10,-0.00015507758
2024-06-11,-0.0016870914
2024-06-12,-0.0018833906
2024-06-13,0.0039869477
2024-06-14,-0.002927164
2024-06-17,-0.0030387053
2024-06-18,0.002264073
2024-06-20,0.0058700866
2024-06-21,-0.0027455788
2024-06-24,0.0011323341
2024-06-25,-0.0020151245
2024-06-26,-0.0025164373
2024-06-27,-0.0032123413
2024-06-28,0.008569618
2024-07-01,0.0004864099
2024-07-02,0.001770432
2024-07-03,-0.001642922
2024-07-05,0.0006950419
2024-07-08,0.0008460373
2024-07-09,0.001070877
2024-07-10,0.0066334903
2024-07-11,0.010090631
2024-07-12,-0.0013889016
2024-07-15,-0.0022169305
2024-07-16,0.000838604
2024-07-17,0.010022242
2024-07-18,0.0018295307
2024-07-19,-0.0008138169
2024-07-22,-0.0024165364
2024-07-23,0.00071518857
2024-07-24,0.006796269
2024-07-25,0.0056466674
2024-07-26,0.0066824327
2024-07-29,0.0002276662
2024-07-30,-0.0008220602
2024-07-31,-0.0012316512
2024-08-01,0.0066474266
2024-08-02,-0.0035023342
2024-08-05,0.0072468775
2024-08-06,0.0019012482
2024-08-07,0.0009344854
2024-08-08,0.0010230994
2024-08-09,-0.0030739165
2024-08-12,0.0039463914
2024-08-13,0.0027478433
2024-08-14,3.4572557e-05
2024-08-15,-0.0017577666
2024-08-16,-0.0032876688
2024-08-19,0.002394791
2024-08-20,-0.0020908392
2024-08-21,0.0025532383
2024-08-22,-0.0030426502
2024-08-23,-0.005330872
2024-08-26,-0.0017895114
2024-08-27,-0.009244398
2024-08-28,-0.0025313792
2024-08-29,-0.0017092249
2024-08-30,-0.003154407
2024-09-03,-0.0034908818
2024-09-04,-0.0045787166
2024-09-05,0.0019284139
2024-09-06,-0.003132519
2024-09-09,0.00069735636
2024-09-10,-0.0034506402
2024-09-11,0.0012900147
2024-09-12,0.007683405
2024-09-13,0.00285937
2024-09-16,0.0018618302
2024-09-17,0.0020165113
2024-09-18,-0.0016167684
2024-09-19,-0.00345454
2024-09-20,0.002022511
2024-09-23,0.00022960371
2024-09-24,-0.0018075509
2024-09-25,-0.0024049378
2024-09-26,-0.0021071688
2024-09-27,-5.4576736e-05
2024-09-30,-0.0034713107
2024-10-01,-0.0011935034
2024-10-02,-0.0012227203
2024-10-03,-0.0063461214
2024-10-04,-0.00063007954
2024-10-07,0.001570059
2024-10-08,-0.00746623
2024-10-09,-0.0033646852
2024-10-10,0.009548046
2024-10-11,0.0043503265
2024-10-14,-0.0027405862
2024-10-15,0.005826016
2024-10-16,0.009338285
2024-10-17,0.0069854786
2024-10-18,0.001011806
2024-10-21,0.003831652
2024-10-22,0.0020043706
2024-10-23,0.008776859
2024-10-24,0.00035678656
2024-10-25,0.0017743245
2024-10-28,0.000108655455
2024-10-29,0.00039961308
2024-10-30,-0.001974769
2024-10-31,-0.0023618063
2024-11-01,0.0018893922
2024-11-04,-0.00214187
2024-11-05,0.0016086949
2024-11-06,-0.00016130366
2024-11-07,0.0076734335
2024-11-08,-0.0023224766
2024-11-11,0.0050043403
2024-11-12,0.002226469
2024-11-13,0.0028661045
2024-11-14,0.0032550714
2024-11-15,-0.004342223
2024-11-18,-0.0076537034
2024-11-19,-0.010418886
2024-11-20,-0.0027989347
2024-11-21,0.0070797987
2024-11-22,-0.0020268867
2024-11-25,0.0026360755
2024-11-26,-0.0011688793
2024-11-27,0.0032542297
2024-11-29,-0.0014151891
2024-12-02,0.0021328887
2024-12-03,-0.00019414903
2024-12-04,0.0023258568
2024-12-05,-0.0015484656
2024-12-06,-0.0020469236
2024-12-09,-0.0027296648
2024-12-10,0.0015227401
2024-12-11,0.0021561147
2024-12-12,0.0014764664
2024-12-13,0.0026229934
2024-12-16,-0.00054578483
2024-12-17,-0.00254851
2024-12-18,-0.00085731136
2024-12-19,-9.4973664e-05
2024-12-20,-0.0008136988
2024-12-23,0.0011468275
2024-12-24,0.005274623
2024-12-26,-0.0010479728
2024-12-27,0.0030572456
2024-12-30,0.0005072947
2024-12-31,-0.0028543058
2025-01-02,7.6732416e-05
2025-01-03,0.0028909598
2025-01-06,-0.0023408977
2025-01-07,0.0020530657
2025-01-08,-0.006488784
2025-01-10,0.0013333337
2025-01-13,-0.00017143467
2025-01-14,-0.0015484451
2025-01-15,0.0028628183
2025-01-16,-0.002340967
2025-01-17,0.0026613893
2025-01-21,0.0013222175
2025-01-22,-0.0034784926
2025-01-23,-0.0009016887
2025-01-24,0.002837472
2025-01-27,0.0032162678
2025-01-28,-0.004695765
2025-01-29,0.00039695518
2025-01-30,0.0032888209
2025-01-31,0.0022627288
2025-02-03,0.006183055
2025-02-04,-0.0034585707
2025-02-05,0.00012980402
2025-02-06,-0.0030364566
2025-02-07,-0.0010455129
2025-02-10,-0.00037175088
2025-02-11,-0.0008972111
2025-02-12,0.0025043879
2025-02-13,-0.0003242302
2025-02-14,0.00039211859
2025-02-18,-0.0018880784
2025-02-19,0.0035624504
2025-02-20,-0.002491084
2025-02-21,0.0003864929
2025-02-24,0.0013255404
2025-02-25,-0.0011605349
2025-02-26,0.001862756
2025-02-27,-0.001053262
2025-02-28,-0.0018442647
2025-03-03,0.007872455
2025-03-04,0.00016336422
2025-03-05,0.00012969945
2025-03-06,0.013416309
2025-03-07,0.0030719999
2025-03-10,0.0058596274
2025-03-11,0.0011833302
2025-03-12,-0.0015558302
2025-03-13,0.0025390547
2025-03-14,-0.003441029
2025-03-17,0.0031465148
2025-03-18,0.005140913
2025-03-19,-0.0062242663
2025-03-20,0.0037410734
2025-03-21,-0.0020195346
2025-03-24,-0.0050728666
2025-03-25,-0.00066925905
2025-03-26,0.0028716868
2025-03-27,-0.00286405
2025-03-28,0.001169165
2025-03-31,0.0014448373
2025-04-01,-0.005884278
2025-04-02,-0.0014711708
2025-04-03,0.008517742
2025-04-04,-0.0034030892
2025-04-07,-0.016761797
2025-04-08,-0.016400432
2025-04-09,-0.009749138
2025-04-10,-0.0066256966
2025-04-11,-0.0058052787
2025-04-14,-0.0089804735
2025-04-15,-4.0643936e-05
2025-04-16,-0.0036969895
2025-04-17,0.00058483187
2025-04-21,-0.01466421
2025-04-22,-0.006124816
2025-04-23,0.00033047126
2025-04-24,-0.00666375
2025-04-25,-0.00011561032
2025-04-28,-0.0020835167
2025-04-29,-0.0022103111
2025-04-30,-0.003873059
2025-05-01,0.0027118116
2025-05-02,0.0015762785
2025-05-05,-0.00126249
2025-05-06,-0.008885378
2025-05-07,-0.0069551687
2025-05-08,-0.004057165
2025-05-09,-0.00029125647
2025-05-12,0.00577949
2025-05-13,0.0020062847
2025-05-14,1.651592e-05
2025-05-15,0.001445613
2025-05-16,0.001570664
2025-05-19,0.0037740527
2025-05-20,-0.0033523266
2025-05-21,-0.0006885121
2025-05-22,-0.008455675
2025-05-23,-0.005357426
2025-05-27,-0.0014326716
2025-05-28,0.004496453
2025-05-29,0.00094027555
2025-05-30,-0.0012300439
2025-06-02,-0.0027701687
2025-06-03,-0.00093934895
2025-06-04,0.00037997824
2025-06-05,-0.00753345
2025-06-06,-0.0026908277
2025-06-09,-0.0021631205
2025-06-10,0.0036708333
2025-06-11,0.0006824538
2025-06-12,0.001408838
2025-06-13,0.0032100198
2025-06-16,-0.00171293
2025-06-17,0.0044103474
2025-06-18,0.0017737219
2025-06-20,0.0006598756
2025-06-23,-0.0012728751
2025-06-24,0.0061352006
2025-06-25,-0.0032222606
2025-06-26,-0.0026093086
2025-06-27,0.00083297887
2025-06-30,0.0044075516
2025-07-01,0.0071028653
2025-07-02,-0.0008819086
2025-07-03,0.008314129
2025-07-07,0.002421326
2025-07-08,0.0050402163
2025-07-09,-0.0015166365
2025-07-10,-0.0017055748
2025-07-11,0.004233469
2025-07-14,0.0048105447
2025-07-15,-0.0019721102
2025-07-16,0.0043863337
2025-07-17,0.0014977929
2025-07-18,-0.0018672918
2025-07-21,-0.0011440754
2025-07-22,0.0010121086
2025-07-23,0.0052497876
2025-07-24,0.00033624077
2025-07-25,0.008786725
2025-07-28,-0.0025062226
2025-07-29,0.009218781
2025-07-30,-0.001582204
2025-07-31,0.004072712
2025-08-01,0.0011200382
2025-08-04,0.0021433912
2025-08-05,0.0018828496
2025-08-06,0.003195187
2025-08-07,-0.0016920905
2025-08-08,-0.0010199667
2025-08-11,0.0022780688
2025-08-12,0.00012412353
2025-08-13,-0.0019142753
2025-08-14,0.0028444587
2025-08-15,0.010083929
2025-08-18,0.004929208
2025-08-19,0.004883118
2025-08-20,0.0091646
2025-08-21,0.00015384835
2025-08-22,0.00064675644
2025-08-25,-0.00060202
2025-08-26,-0.0032797551
2025-08-27,0.010017098
2025-08-28,0.004351337
2025-08-29,0.008153192
2025-09-02,0.002635702
2025-09-03,-0.0015835728
2025-09-04,-0.0014738817
2025-09-05,0.0026019437
2025-09-08,0.0014055874
2025-09-09,0.000329798
2025-09-10,-0.001095378
2025-09-11,-0.0008521886
2025-09-12,0.008112428
2025-09-15,-0.0025724142
2025-09-16,0.00053054345
2025-09-17,0.00332898
2025-09-18,0.000116216186
2025-09-19,-0.0005746703
2025-09-22,0.0031648874
2025-09-23,0.009928002
2025-09-24,0.00010866492
2025-09-25,-0.0013315412
2025-09-26,0.0011491933
2025-09-29,-0.00066122646
2025-09-30,-0.0032347222
2025-10-01,0.0016743237
2025-10-02,0.0016926444
2025-10-03,0.002832638
2025-10-06,0.0004888374
2025-10-07,-0.0017189854
2025-10-08,0.0007153457
2025-10-09,0.0012981656
2025-10-10,0.0043027066
2025-10-13,-0.0027984267
2025-10-14,-0.0007205546
2025-10-15,0.002953622
2025-10-16,0.0032972326
2025-10-17,-0.001599395
2025-10-20,0.0032190522
2025-10-21,-0.0030057968
2025-10-22,0.0030381395
2025-10-23,-0.0019249298
2025-10-24,-0.0017952311
2025-10-27,0.0021792164
2025-10-28,0.00094582903
2025-10-29,0.0019755468
2025-10-30,0.003687535
2025-10-31,-0.0018708941
2025-11-03,-0.0025766706
2025-11-04,0.0032255785
2025-11-05,0.00064162666
2025-11-06,-0.002315987
2025-11-07,-0.002643459
2025-11-10,-0.0027810836
2025-11-11,0.003049345
2025-11-12,-0.0035276208
2025-11-13,0.003284713
2025-11-14,0.00073931087
2025-11-17,0.0033423686
2025-11-18,-0.0024919668
2025-11-19,0.0014679645
2025-11-20,0.009640398
2025-11-21,0.0073422226
2025-11-24,0.00792673
2025-11-25,-0.000597313
2025-11-26,0.0006411709
2025-11-28,0.0032264972
2025-12-01,0.0014535853
2025-12-02,0.00041688353
2025-12-03,-0.0022018135
2025-12-04,-0.0021322484
2025-12-05,-0.003329077
2025-12-08,0.0003257863
2025-12-09,0.0017400703
2025-12-10,0.0029854027
2025-12-11,0.0014012483
2025-12-12,0.0055404874
2025-12-15,0.00023885779
2025-12-16,-0.00399196
2025-12-17,-5.8817015e-05
2025-12-18,-0.0071755806
2025-12-19,0.00188471
2025-12-22,-0.0037516973
2025-12-23,-0.00049868977
2025-12-24,-0.0034068045
2025-12-26,-0.0027678066
2025-12-29,0.001258681
2025-12-30,0.0029229817
2025-12-31,0.00339483
2026-01-02,0.001905735
2026-01-05,0.0028499404
2026-01-06,-0.0025718561
2026-01-07,0.0015540695
2026-01-08,0.0023077948
2026-01-09,-0.0034981752
2026-01-12,0.0028352428
2026-01-13,-0.0015220739
2026-01-14,-0.003174472
2026-01-15,0.0018357983
2026-01-16,0.0031760943
2026-01-20,0.0058449013
2026-01-21,-0.0016556253
2026-01-22,0.000693376
2026-01-23,0.00042798909
2026-01-26,-0.00088161015
2026-01-27,-0.0010561735
2026-01-28,-0.0005749638
2026-01-29,0.0017054562
2026-01-30,-0.0023156437
2026-02-02,-0.006761956
2026-02-03,0.002000131
2026-02-04,-3.1398606e-05
2026-02-05,-0.0020053817
2026-02-06,0.0011929173
2026-02-09,-0.0033453896
2026-02-10,-0.00049719156
2026-02-11,0.0002193688
2026-02-12,0.0014184825
2026-02-13,0.0011053921
2026-02-17,4.6926056e-05
2026-02-18,0.0029278272
2026-02-19,-0.000984438
2026-02-20,-0.0074245585
2026-02-23,0.0031481327
2026-02-24,-0.00013008875
2026-02-25,-0.004539399
2026-02-26,0.0011642104
2026-02-27,-0.0012094213
2026-03-02,0.0020107331
2026-03-03,0.007131459
2026-03-04,9.34507e-05
2026-03-05,0.0018969624
2026-03-06,0.0074361805
2026-03-09,0.0022841278
2026-03-10,0.0036444617
2026-03-11,0.00087185344
2026-03-12,0.004587121
2026-03-13,0.0060567
2026-03-16,-0.00055941823
2026-03-17,-0.0031964774
2026-03-18,0.0029419013
2026-03-19,-0.0027016243
2026-03-20,0.0059336517
2026-03-23,0.0023429499
2026-03-24,-0.0028630027
2026-03-25,-0.0053880843
2026-03-26,-0.0038636012
2026-03-27,0.004230368
2026-03-30,0.0024214338
2026-03-31,-0.011349419
2026-04-01,0.0032778312
2026-04-02,0.0014903512
2026-04-06,-0.00019868638
2026-04-07,0.002386058
2026-04-08,-0.008251723
2026-04-09,0.00029237915
2026-04-10,0.000602213
2026-04-13,-0.0019531962
2026-04-14,0.003949892
2026-04-15,-0.00016149542
2026-04-16,-0.0020212254
2026-04-17,0.00065698696
2026-04-20,0.010163656
2026-04-21,0.0030640673
2026-04-22,0.00045518266
2026-04-23,0.0011597067
2026-04-24,-0.0025998545
2026-04-27,0.0031675263
2026-04-28,0.0015563883
2026-04-29,0.0021082424
2026-04-30,-0.000112106434
2026-05-01,-0.002031908
2026-05-04,0.0026271953
2026-05-05,0.009279532
2026-05-06,0.003237775
2026-05-07,0.007292132
2026-05-08,0.0069595235
2026-05-11,0.0060908017
2026-05-12,0.0055908794
2026-05-13,0.0014398117
2026-05-14,-0.0015400533
2026-05-15,-0.001720069
2026-05-18,0.00017137604
2026-05-19,-0.0056835157
2026-05-20,-0.0008039761
2026-05-21,-0.0015908817
2026-05-22,0.0026679346
2026-05-26,-0.002398585
2026-05-27,0.0061060367
2026-05-28,0.002366184
2026-05-29,0.0015806628
2026-06-01,0.000701807
2026-06-02,0.008187037
2026-06-03,0.003492544
2026-06-04,0.00501759
2026-06-05,0.0016201563
2026-06-08,0.0010866639
2026-06-09,-0.001227328
2026-06-10,0.0053865043
2026-06-11,0.00071297033
2026-06-12,-0.0027912837
2026-06-15,0.009778336
2026-06-16,-0.002669317
2026-06-17,0.001345729
2026-06-18,-0.00775727
